0	AAAAACAGGAAAATATGCCAGAA	AATTAACAGAAGTGGTGCAAAAA	30.0
1	AAAAAGGACAGCACCAAATGGAG	AGAAATGGTTATCTATCAATACA	312.0
2	AAAAATCTTAGAGCCCTTTAGAA	GTAGGATCTGACTTAGAGATAGG	47.0
3	AAAACTGGATGACAGAAACCTTG	CCAAAATGCGAATCCAGACTGTA	5.0
4	AAAAGCAGGGTATGTCACTGACA	AATCAAAAGACTGAGTTACATGC	38.0
5	AAAAGGGGGGACTGGATGGGCTA	ATCCTTGACTTATGGGTCTATAA	24.0
6	AAAAGGTGGATAATCCTGGGATT	GTTAGCATTTTGGACATAAGACA	28.0
7	AAAATAGCCACAGAAAGCATAGT	TATTGGCAGGCTACCTGGATTCC	70.0
8	AAAATTGGGCCTGAAAATCCATA	GCTATAAAGAAAAAGGACAGCAC	16.0
9	AAACTCATCTGCACCACTAATGT	CTAGTTGGAGTAATAAAACTTAT	11.0
10	AAAGACACAGCAGGCAGCAGCTG	TGCAAAATGCACAAGGACAAATG	33.0
11	AAAGACCCCATAGTAGGAGCAGA	AAAAGCAGGGTATGTCACTGACA	45.0
12	AAAGACCCCATAGTAGGAGCAGA	GGGGCAGCTAGTAGGGAGACTAA	16.0
13	AAAGAGCAGTTGGACTGGGAGCT	GCGTCAATAACGCTGACGGTACA	45.0
14	AAAGAGCAGTTGGACTGGGAGCT	TTGTCTGGTATAGTGCAACAGCA	81.0
15	AAAGGTAGTACCAAGAAGAAAAG	GTTTAGTAAAACATCATATGTAT	85.0
16	AAAGTAATACACACAGACAACGG	GTAGTAGAATCTATGAATAAGGA	94.0
17	AAAGTCATCCTGGTAGCAGTCCA	GTTATCCCAGCAGAAACAGGACA	28.0
18	AAATAAGAAAACAGAAGAAAATA	AGTGGCAATGAGAGTGATGGGGA	39.0
19	AAATAGATCCTGACCTAGCAGAC	ATTAACAACACCAAAAAGGATAA	143.0
20	AAATCACTCTTTGGCAACGACCC	TGGAAACCAAAAATGATAGGGGG	96.0
21	AAATTAGTAGATTTCAGAGAGCT	TTAGGAATACCGCATCCAGCAGG	34.0
22	AAATTGTAATACCTCAGCCATTA	TGTTAAATGGCAGTCTAGCAGAA	174.0
23	AACAAGTAGATAAATTAGTCAGT	GGCATAGATAAAGCCCAAGAAGA	30.0
24	AACAATGAATGGACATTAGAACT	GAGCTTAAAAATGAAGCTGTTAG	7.0
25	AACTAGAGATCCCTCAGACCACT	CGAAAGCGAAAGTTCCAGAGAAG	62.0
26	AACTCCTCAGGGGAGCTAAAGCA	CAATGGACATATCAAATTTATCA	141.0
27	AACTGTGGCAAAGAAGGACACCT	GAGCCAACAGCCCCACCAGCAGA	157.0
28	AACTTAAATCATTATTTAATACA	AAAGACACAGCAGGCAGCAGCTG	95.0
29	AACTTAAATCATTATTTAATACA	GATAAAATAGAGGAAGTACAAAA	60.0
30	AAGAACAAATAGGATGGATGACA	AAAAGGTGGATAATCCTGGGATT	33.0
31	AAGAACTTAAATCATTATTTAAT	GATAAAATAGAGGAAGTACAAAA	63.0
32	AAGAAGCAGAAGGTCCATGCACT	TATAAGCTTGATATAGTACAAAT	4.0
33	AAGAGATAATAATCAGATCTGAA	AAGTATAACTATAGGACCAGGAC	89.0
34	AAGAGATAATAATCAGATCTGAA	ATCTGTAGAAATCAATTGTACCA	44.0
35	AAGATCTAGATAAACATGGAGCA	GTCTGGCTGAGAGCACAAGAGGA	33.0
36	AAGCAATGTATGCCCCTCCCATC	AGACCTTCAGACCTGGAGGAGGA	79.0
37	AAGCAATGTATGCCCCTCCCATC	GGAATACTATTGACAAGAGATGG	33.0
38	AAGCAGGCTTGTCCAAAGATATC	ATTTTAAAGTGTAATGATAAGAA	46.0
39	AAGCCAGGAATGGATGGCCCAAA	GAAAAAATAAAAGCATTAACAGA	25.0
40	AAGCTTTAGATAAAATAGAGGAA	AGCAGGCAGCAGCTGGCACAGGA	49.0
41	AAGGAGGTGGCGAGCAAGGCAGA	GTGAGCGGATTCTTAGCACTTGC	18.0
42	AAGGATCACCGGCAATATTCCAG	AGCATGACAAAAATCTTAGAGCC	3.0
43	AAGTAGCATAGTGGGATGGCCTC	AGCAGCAGAAGGAGTAGGAGCAG	70.0
44	AAGTATAACTATAGGACCAGGAC	AGATTAATGGAACAAAATGGAAT	54.0
45	AATAAAGCTTGCCTTGAGTGCTT	ATCCCTCAGACCACTCTAGACTG	44.0
46	AATACCCCTCCTCTAGTAAAATT	TAGGAAAAGCAGGGTATGTCACT	80.0
47	AATACTATTGACAAGAGATGGTG	ACCTTCAGACCTGGAGGAGGAAA	17.0
48	AATCAAAAGACTGAATTACATGC	ATAGAGGAGCTAATAAAAAAGGA	121.0
49	AATCAAAAGACTGAATTACATGC	CAATATGCATTAGGAATCATTCA	55.0
50	AATCAAAAGACTGAGTTACATGC	CAGGATTCAGGATCAGAAGTAAA	16.0
51	AATCAAAAGACTGAGTTACATGC	GACTCACAGTATGCATTAGGAAT	49.0
52	AATCATTCAGGCACAACCAGACA	GAGTGAATCAGAGTTAGTCAATC	1.0
53	AATCGAAGAAGGAGGTGGCGAGC	CCTGTGCCTCTTCAGCTACCACC	67.0
54	AATCTAAAAACAGGAAAATATGC	ACAGAGGTAGTGCAAAAAGTGGC	40.0
55	AATGATGTAAAACAATTAACAGA	AAAATAGCCACAGAAAGCATAGT	10.0
56	AATGGCAGTCTAGCAGAAGAAGA	CCTCCAACAATACAAGAACAAGT	89.0
57	AATTAACAGAAGTGGTGCAAAAA	AATCAAAAGACTGAATTACATGC	297.0
58	AATTATATAAATATAAAGTAGTA	AGAAGAGTGGTGGAGAGAGAAAA	39.0
59	AATTGGAGAAGTGAATTATATAA	AAAGAGCAGTTGGACTGGGAGCT	74.0
60	AATTTATGCAGGGATTAAGGTAA	TAACAGACATAGTACCACTGACT	36.0
61	AATTTCCCAATTAGTCCTATTGA	CCATTGACAGAAGAAAAAATAAA	55.0
62	AATTTTTCTATTGCAATACAACA	GCAAATTATAAACATGTGGCAGG	80.0
63	ACAAATAGGATGGATGACAAACA	AAAACTGGATGACAGAAACCTTG	183.0
64	ACAAATAGGATGGATGACAAACA	ACAGAAACCTTGCTAGTCCAAAA	194.0
65	ACACATGGAATTAAGCCAGTGGT	AATGGCAGTCTAGCAGAAGAAGA	19.0
66	ACACCAGACAAAAAACATCAGAA	CCTGACAAATGGACAGTCCAGCC	37.0
67	ACAGAAACCTTGCTAGTCCAAAA	CATAAAGCAAGGGTTTTGGCTGA	97.0
68	ACAGAGGTAGTGCAAAAAGTGGC	CCCATACAAAGAGAAACATGGGA	46.0
69	ACAGAGGTAGTGCAAAAAGTGGC	TGGTGGATGGAGTATTGGCAGGC	73.0
70	ACAGATAGAGTTATAGAAATAGG	AAGTAGCATAGTGGGATGGCCTC	94.0
71	ACAGATAGAGTTATAGAAATAGG	ATGGGTGGCAAGTGGTCAAAAAG	74.0
72	ACAGGAAAATATGCCAGAAAAAG	AATGATGTAAAACAATTAACAGA	13.0
73	ACAGGATCAGAAGAACTTAAATC	AGCTTTAGATAAAATAGAGGAAG	66.0
74	ACAGGATGAGGATTAGAACATGG	TATGTATATCTCAAAGAAAGCTA	20.0
75	ACAGTCAACTCTCAAGACAGGAT	AACTTAAATCATTATTTAATACA	6.0
76	ACAGTGCCCTAGCACGAAAACAC	AGTACTATAAAGACTGCTGACAA	22.0
77	ACATGTGGAAAAATAACATGGTA	AGTTAACTCCTCTCTGCGTTACT	58.0
78	ACATTAAAGCCAGGAATGGATGG	GCATTAACAGAAATTTGTAAAGA	43.0
79	ACCATACCTAGTATAAACAATGA	AAGGATCACCGGCAATATTCCAG	47.0
80	ACCTTCAGACCTGGAGGAGGAAA	AATTATATAAATATAAAGTAGTA	23.0
81	ACCTTCAGACCTGGAGGAGGAAA	AGAAGAGTGGTGGAGAGAGAAAA	85.0
82	ACGGTACAGGCCAGACAATTATT	TGGGGCTGCTCTGGAAAAATCAT	151.0
83	ACTAGTACCCTTCAAGAACAAAT	CCAGTGGGAGACATCTATAAAAG	28.0
84	ACTCTTTGGCAACGACCCTTAGT	ATGATACAGTATTAGAAGAAATA	53.0
85	ACTCTTTGGCAACGACCCTTAGT	GCAGATGATACAGTATTAGAAGA	49.0
86	AGAAAAAATATAGACTAAAACAT	GCAGGGAGTTGGAAAGATTCGCA	13.0
87	AGAAAAGACAAGAGATCCTTGAT	CCTGATTGGCAAAACTACACACC	30.0
88	AGAAAAGACAAGAGATCCTTGAT	GATTGGCAGAACTACACACCAGG	33.0
89	AGAAAATTAGTAGATTTCAGAGA	TACCTCATCCCGCGGGATTAAAA	44.0
90	AGAAATGGTTATCTATCAATACA	GAACAAAAATAGAGGAGCTAAGA	45.0
91	AGAACATGGAACAGTTTAGTAAA	TATAGACATCACTATGAAAGTAG	40.0
92	AGAACTGTTAGAGGAGCTTAAAA	AGACATTTTCCTAGGCCCTGGCT	11.0
93	AGAACTTTGAATGCATGGGTGAA	AGGGTTTTAACCCAGAAGTAATA	14.0
94	AGAAGAGTGGTGGAGAGAGAAAA	CTGGCTGTGGAAAGATACCTAAA	211.0
95	AGAAGAGTGGTGGAGAGAGAAAA	GGGCTATAGAGGCGCAGCAGCAT	140.0
96	AGAAGCAGAATTAGAGTTGGCAG	GTACAGAAACAAGGGCAGGACCA	71.0
97	AGAAGGAGTAGGAGCAGTATCTC	TAGTAATATGAATAATGCTGATA	31.0
98	AGAAGTGAATTATATAAATATAA	AAAGAGCAGTTGGACTGGGAGCT	68.0
99	AGAATGTATAGCCCTGTCAGCAT	AGTCCATTTTAAAAGCATTAGGA	146.0
100	AGAATTAAGTGCTTCAACTGTGG	GAAATTGCAGGGCCCCTAGAAAA	20.0
101	AGAATTGGGTGTCAACATAGCAG	GGGAGAAGAGGCAGGAATGGAGC	16.0
102	AGACACAGCAGGCAGCAGCTGGC	AGCAGCAAAGTCAGCCAAAATTA	9.0
103	AGACAGCATACTTTCTGCTAAAA	AGCCTGTTGGTGGGCCAATGTCC	74.0
104	AGACATTTTCCTAGGCCCTGGCT	CTTAGGACAGTACATCTATAACA	6.0
105	AGACCTTCAGACCTGGAGGAGGA	AATTGGAGAAGTGAATTATATAA	12.0
106	AGAGAGAAATTAGCAATTACACA	ATATATGAGATACTTACAGAATC	6.0
107	AGAGAGCAAGCTGAACACCTTAA	GAAAGCCAGCATCCAAAGGTAAG	425.0
108	AGAGCAGAAGACAGTGGAAATGA	TGGCCAAACTTGTGGAAATGGGG	23.0
109	AGAGGGAACCCGACAGGCCCGAA	AAGGAGGTGGCGAGCAAGGCAGA	10.0
110	AGATTAATGGAACAAAATGGAAT	CTCAGGAGGAGATCTAGAAATTA	69.5
111	AGCAGCAAAGTCAGCCAAAATTA	TGCAAAATGCACAAGGACAAATG	8.0
112	AGCAGCAGAAGGAGTAGGAGCAG	GTAGGCTTTCCAGTCAGGCCGCA	98.0
113	AGCAGGAGCAGAAAGACAAGGAA	CAGTGTTAGTAGGACCTACACCT	246.0
114	AGCAGGAGCAGAAAGACAAGGAA	GGGGGAATTGGAGGTTTTATCAA	161.0
115	AGCAGGCAGCAGCTGGCACAGGA	TGCAAAATGCACAAGGGCAAATG	22.0
116	AGCATGACAAAAATCTTAGAGCC	GAACAAAAATAGAGGAGCTAAGA	86.0
117	AGCCTGTTGGTGGGCCAATGTCC	AGAGAGCAAGCTGAACACCTTAA	89.0
118	AGCTGGACTGTCAATGATATACA	AACTCCTCAGGGGAGCTAAAGCA	68.0
119	AGCTGGGGATTTACTACACCAGA	AGCTGGACTGTCAATGATATACA	97.0
120	AGCTTTAGATAAAATAGAGGAAG	GCAGGCAGCAGCTGGCACAGGAA	28.0
121	AGGAAATATAACAGATGAAGTAA	GTACTTTTAATATGACCACAGAA	6.0
122	AGGAAGCTGCAGAATGGGACAGG	ATGAGAGAACCAAGGGGAAGTGA	39.0
123	AGGAAGGTGCTATTTTTAGATGG	GGGGAAGCTATGCATGGACAAGT	127.0
124	AGGACACCTAGCCAGAAATTGCA	TTTAGGGAAAATTTGGCCTTCCA	82.0
125	AGGACGAAGACAGAGAAGTGCTG	AGGGAGGTGTGGTTTGGGAGGAG	121.0
126	AGGCAGGGATACTCACCTTTGTC	AATCGAAGAAGGAGGTGGCGAGC	48.0
127	AGGCAGGGATACTCACCTTTGTC	CGAAGAAGGAGGTGGCGAGCAAG	51.0
128	AGGCTATAGAGGCTCAACAACAT	AAACTCATCTGCACCACTAATGT	108.0
129	AGGCTATAGAGGCTCAACAACAT	CCTGGCTCTGGAAAGATACCTAA	47.0
130	AGGGAGGTGTGGTTTGGGAGGAG	CTGTACTGGGTCTCTCTTGCTAG	50.0
131	AGGGAGGTGTGGTTTGGGAGGAG	TCGCTTGTACTGGGTCTCTCTTG	46.0
132	AGGGGGGACTGGATGGGTTAATT	GAACTACACACCAGGGCCAGGGA	71.0
133	AGGGGGGACTGGATGGGTTAATT	GATTGGCAGAACTACACACCAGG	63.0
134	AGGGTTTTAACCCAGAAGTAATA	TTAAATATGATGCTAAATATAGT	42.0
135	AGGGTTTTGGCTGAGGCAATGAG	CAGAGAGGCAATTTTAAGGGCCA	28.0
136	AGGTTAGTTAAGAGAATAAGAGA	AGAGCAGAAGACAGTGGAAATGA	1.0
137	AGTAAGACAATATGATCAGATAC	ATAGAAATTTGTGGAAAAAAGGC	2.0
138	AGTACTATAAAGACTGCTGACAA	TGGCCGGGGCGGAGTTGGGGAGT	46.0
139	AGTATAGGTTAATAAATTGTAAT	AAGCAGGCTTGTCCAAAGATATC	12.0
140	AGTCCATTTTAAAAGCATTAGGA	ATGATGACAGCATGCCAGGGAGT	21.0
141	AGTGGCAATGAGAGTGATGGGGA	CATGCCTGTGTACCCACAGACCC	188.0
142	AGTGGCAATGAGAGTGATGGGGA	CCACAGACCCCAACCCACAAGAA	204.0
143	AGTTAACTCCTCTCTGCGTTACT	AGGAAATATAACAGATGAAGTAA	63.5
144	ATAAGAACATATTGGGGTCTGCA	CATGGGGTCTCCATAGAATGGAG	28.0
145	ATAAGGAAAGCCATATTAGGACA	ATTAGTAACACCAACAAGGACAA	75.0
146	ATAATAGACATAATAGCATCAGA	GTTTATTACAGGGACAGCAGAGA	52.0
147	ATAATAGACATAATAGCATCAGA	TATTACAGGGACAGCAGAGACCC	55.0
148	ATAATAGAGGAGCTAATAAAAAA	CTATTTTTAGATGGGATAGATAA	94.0
149	ATAATGATGCAGAGAGGCAATTT	AGAATTAAGTGCTTCAACTGTGG	13.0
150	ATACTATTGACAAGAGATGGTGG	ACCTTCAGACCTGGAGGAGGAAA	22.0
151	ATACTATTGACAAGAGATGGTGG	GGGCAAAGAGAAGAGTGGTGGAG	119.0
152	ATACTCACCTTTGTCTTTCCAGA	AGAGGGAACCCGACAGGCCCGAA	15.0
153	ATACTGCATTCACTATACCTAGT	AAAAATCTTAGAGCCCTTTAGAA	92.0
154	ATACTGCATTCACTATACCTAGT	GGATCACCAGCAATATTTCAGGC	60.0
155	ATAGAAATTTGTGGAAAAAAGGC	TGTTGACTCAGATTGGTTGCACT	53.0
156	ATAGACATCATTATGAAAGCCAG	CCAAAGGTAAGTTCAGAAGTACA	3.0
157	ATAGAGGAGCTAATAAAAAAGGA	CTATAGTAGCAAAGGAAATAGTA	182.0
158	ATAGAGGAGCTAATAAAAAAGGA	GGAGGAAATGAACAAGTAGATAA	40.0
159	ATAGCCCGAGAACTGCATCCAGA	GGACTTCCGCTGGGGACTTTCCA	37.0
160	ATATATGAGATACTTACAGAATC	CCAGACCCCTTCCCATCATCAGA	204.0
161	ATATATGAGATACTTACAGAATC	TGGTATATAAAAATATTTATAAT	91.0
162	ATATGGCAATTAGATTGTACACA	ATCCCAGCAGAAACAGGACAGGA	64.0
163	ATATTTATAATGATAGTAGGAGG	CATCAGAGGGAACCCGACAGGCC	94.0
164	ATCAGAAGAACTTAAATCATTAT	AAGCTTTAGATAAAATAGAGGAA	60.0
165	ATCATACTTCCATGCAGGATAAA	AATACTATTGACAAGAGATGGTG	90.0
166	ATCCCAGCAGAAACAGGACAGGA	CCAGTGAAAGTAATACACACAGA	37.0
167	ATCCCTCAGACCACTCTAGACTG	CGAAAGCGAAAGTTCCAGAGAAG	62.0
168	ATCCCTCAGACCACTCTAGACTG	GGCGCCCGAACAGGGACTTGAAG	19.0
169	ATCCGGGAAGTCAGCCTACAACT	TCCTATACCAAAGCAGTAAGTAA	140.0
170	ATCCTTGACTTATGGGTCTATAA	CCAGGGATCAGATTCCCACTGTG	43.0
171	ATCTGTAGAAATCAATTGTACCA	AAGTATAACTATAGGACCAGGAC	22.0
172	ATGACAAAAATCTTAGAGCCCTT	GTAGGATCTGACTTAGAGATAGG	52.0
173	ATGAGAGAACCAAGGGGAAGTGA	CCAGTGGGAGAAATCTATAAAAG	64.0
174	ATGATACAGTATTAGAAGAAATA	TGTTGACTCAGATTGGTTGCACT	157.0
175	ATGATGACAGCATGCCAGGGAGT	GCAATGAGTCAAGTACAACAGGC	37.0
176	ATGCCAAAACCATAATAGTACAG	CATAGTTTTAATTGTGGAGGAGA	253.5
177	ATGGCAGTCTAGCAGAAGAAGAG	ATGCCAAAACCATAATAGTACAG	31.0
178	ATGGGATATGAACTCCATCCTGA	GATGGACAGTCCAGCCTATAGAA	2.0
179	ATGGGTGGCAAGTGGTCAAAAAG	GAGTAGGAGCAGTATCTCAAGAT	71.0
180	ATGTGATGCAACCTTTAGAAATA	GCAATAGTAGGACTAGTAGTAGC	3.0
181	ATGTGGAAAAATAACATGGTAGA	CTAAAGCCATGTGTAAAATTAAC	40.0
182	ATTAACAACACCAAAAAGGATAA	TAACAGAAGATAGATGGAACAAG	25.5
183	ATTAGTAACACCAACAAGGACAA	GACAGATGGAACAAGCCCCAGAA	35.0
184	ATTAGTAACACCAACAAGGACAA	GCTGTTAGACATTTTCCTAGGCC	127.0
185	ATTATGGAAAACAGATGGCAGGT	AGAACATGGAACAGTTTAGTAAA	34.0
186	ATTCCACCAGGCCAGATGAGGGA	AAGAACAAATAGGATGGATGACA	41.0
187	ATTGCACACATCTAGAAGGAAAA	CAGGAGACAGCATACTTTCTGCT	69.0
188	ATTGGGGGGTACAGTGCAGGGGA	ATAATAGACATAATAGCATCAGA	4.0
189	ATTTCAAAAATTGGGCCTGAAAA	AGAAAATTAGTAGATTTCAGAGA	52.0
190	ATTTTAAAGTGTAATGATAAGAA	AAGAGATAATAATCAGATCTGAA	107.0
191	ATTTTAAAGTGTAATGATAAGAA	ACACATGGAATTAAGCCAGTGGT	46.0
192	ATTTTGGACATAAGACAAGGGCC	CGAATCCAGACTGTAAGTCCATT	110.0
193	ATTTTTCTATTGCAATACAACAC	ATCATACTTCCATGCAGGATAAA	35.0
194	ATTTTTCTATTGCAATACAACAC	GCAAATTATAAACATGTGGCAGG	79.0
195	CAAAGCCTAAAGCCATGTGTAAA	ATGGCAGTCTAGCAGAAGAAGAG	422.0
196	CAACAAATAATAGAACAGTTACA	ATCAGAAGAACTTAAATCATTAT	18.0
197	CAACTGCCTGTTACACCCCATGA	ATAGCCCGAGAACTGCATCCAGA	74.0
198	CAATACATGGATGACTTGTATGT	CAGCACAGAACAAAAATAGAGGA	22.0
199	CAATAGTAGGACTGATAGTAGCG	TGGGTTACAGTTTATTATGGGGT	217.0
200	CAATAGTAGGACTGATAGTAGCG	TGTGGACTATAGTAGCTATAGAA	19.0
201	CAATATGCATTAGGAATCATTCA	ATAATAGAGGAGCTAATAAAAAA	40.0
202	CAATGGACATATCAAATTTATCA	AATACCCCTCCTCTAGTAAAATT	223.0
203	CAATTGCTGTTAAATGGCAGTCT	AAGAGATAATAATCAGATCTGAA	8.0
204	CACAAAGGGATTGGAGGAAATGA	GGCATAGATAAAGCCCAAGAAGA	52.0
205	CACAGCAATTGGAGAGCAATGGC	GTGGCCAGCTGTGATAAATGTCA	40.0
206	CACAGCAATTGGAGAGCAATGGC	TATGGCAATTAGATTGTACACAT	110.0
207	CACATGAGACAGAAGTGCACAAT	ACATGTGGAAAAATAACATGGTA	79.0
208	CAGAGAACAGGGAGATTCTAAAA	AATCTAAAAACAGGAAAATATGC	108.0
209	CAGAGAGGCAATTTTAAGGGCCA	GCCAGAAATTGCAGGGCCCCTAG	43.0
210	CAGCACAGAACAAAAATAGAGGA	ATGGGATATGAACTCCATCCTGA	76.0
211	CAGCCTACAACTGCTTGTAGCAA	TCCTATACCAAAGCAGTAAGTAA	129.0
212	CAGCCTACAACTGCTTGTAGCAA	TGCTTTCTGAACAAGGGCTTAGG	37.0
213	CAGGAGACAGCATACTTTCTGCT	AAAGTAATACACACAGACAACGG	25.0
214	CAGGATTCAGGATCAGAAGTAAA	ATAGAGGAGCTAATAAAAAAGGA	82.0
215	CAGGGAGAAGAGGCAGGAATGGA	CAGCCTACAACTGCTTGTAGCAA	43.0
216	CAGTGTTAGTAGGACCTACACCT	CGAAATATGTTGACTCAGATTGG	15.0
217	CATAAAGCAAGGGTTTTGGCTGA	ATAATGATGCAGAGAGGCAATTT	28.0
218	CATAGTTTTAATTGTGGAGGAGA	AAGCAATGTATGCCCCTCCCATC	155.0
219	CATATTAGGACAAGTAGTTAGAC	ATTAGTAACACCAACAAGGACAA	64.0
220	CATATTAGGACAAGTAGTTAGAC	GGATCCCTACAATATTTGGCACT	35.0
221	CATCAGAGGGAACCCGACAGGCC	GGCGAGCAAGGCAGAGACAGATC	22.0
222	CATGCAGGGCCTATTCCACCAGG	ACTAGTACCCTTCAAGAACAAAT	40.0
223	CATGCCTGTGTACCCACAGACCC	ATGTGGAAAAATAACATGGTAGA	46.0
224	CATGGGGTCTCCATAGAATGGAG	CTAGCAGACCAACTGATTCATCT	34.0
225	CATGGGGTCTCCATAGAATGGAG	GATCCTGACCTAGCAGACCAACT	25.0
226	CATTTTCCTAGGCCCTGGCTCCA	AGAATTGGGTGTCAACATAGCAG	97.0
227	CATTTTCCTAGGCCCTGGCTCCA	CAGGGAGAAGAGGCAGGAATGGA	134.0
228	CCAAAATGCGAATCCAGACTGTA	GAAGAAATGATGACAGCATGCCA	38.0
229	CCAAAGGTAAGTTCAGAAGTACA	GGAGAAAAGGACTGGCAATTGGG	55.0
230	CCACAGACCCCAACCCACAAGAA	CAAAGCCTAAAGCCATGTGTAAA	90.0
231	CCACAGGGATGGAAAGGATCACC	GACAAAAATCTTAGAGCCCTTTA	21.0
232	CCAGACCCCTTCCCATCATCAGA	GGCGAGCAAGGCAGAGACAGATC	38.0
233	CCAGGGATCAGATTCCCACTGTG	GCTTCAAGCTAGTACCAGTTGAC	11.0
234	CCAGTGAAAGTAATACACACAGA	TGTTGGTGGGCAAATGTCACACA	40.0
235	CCAGTGGGAGAAATCTATAAAAG	ATTTTGGACATAAGACAAGGGCC	52.0
236	CCAGTGGGAGACATCTATAAAAG	AGAATGTATAGCCCTGTCAGCAT	31.0
237	CCATTGACAGAAGAAAAAATAAA	GCCATAAAGAAAAAAGATAGTAC	88.0
238	CCCATACAAAGAGAAACATGGGA	AAAGACCCCATAGTAGGAGCAGA	94.0
239	CCGGGAAGTCAGCCTACAACTGC	TCCTATGGCAGGAAGAAGCGGAA	73.0
240	CCTACAATATTTGGCACTGAAAG	ATTAACAACACCAAAAAGGATAA	1.0
241	CCTCCAACAATACAAGAACAAGT	GAACAGGAGACATAATAGGAGAT	31.0
242	CCTCCAGCAGCAGAAGGAGTAGG	GTCTGGCTGAGAGCACAAGAGGA	67.0
243	CCTGACAAATGGACAGTCCAGCC	GGAAAACTAAATTGGGCAAGTCA	55.0
244	CCTGACAAATGGACAGTCCAGCC	GTGGGAAAACTAAATTGGGCAAG	52.0
245	CCTGACCTAGCAGACCAACTGAT	TGTGAATATCCATCAGGACATAA	76.0
246	CCTGATTGGCAAAACTACACACC	TGTGTTTTGGATGGTGCTTCAAG	23.0
247	CCTGGCTCTGGAAAGATACCTAA	AAACTCATCTGCACCACTAATGT	38.0
248	CCTGTGCCTCTTCAGCTACCACC	GGACTGAGACTGGGGTGGGAAGC	44.0
249	CCTGTGCCTCTTCAGCTACCACC	TCAAATATCTGGGGAATCTTCTG	90.0
250	CCTTCCAACAAGGGAAGGCCGGG	GAGCCAACAGCCCCACCAGCAGA	22.0
251	CCTTTAGATGAAAGCTTTAGAAA	ACCATACCTAGTATAAACAATGA	13.0
252	CGAAAGCGAAAGTTCCAGAGAAG	GAGATGGGTGCGAGAGCGTCAGT	104.0
253	CGAAAGCGAAAGTTCCAGAGAAG	GCGGCGACTGGTGAGTACGCCAA	52.0
254	CGAAATATGTTGACTCAGATTGG	GGAATGGATGGACCAAAGGTTAA	58.0
255	CGAAGAAGGAGGTGGCGAGCAAG	CTGTGCCTCTTCAGCTACCACCG	65.0
256	CGAATCCAGACTGTAAGTCCATT	TTAGAAGAAATGATGACAGCATG	27.0
257	CGGGAAATTTTCCTCAGAGCAGA	GAGCCAACAGCCCCGCCAGCAGA	3.0
258	CTAAAGCCATGTGTAAAATTAAC	AAATTGTAATACCTCAGCCATTA	201.0
259	CTAAAGCCATGTGTAAAATTAAC	AGTATAGGTTAATAAATTGTAAT	215.0
260	CTACGGAGCCTGTGCCTCTTCAG	GAAGGTCTCAAATATCTGGGGAA	91.0
261	CTAGCAGACCAACTGATTCATCT	ATAAGGAAAGCCATATTAGGACA	31.0
262	CTAGCAGACCAACTGATTCATCT	CATATTAGGACAAGTAGTTAGAC	42.0
263	CTAGGACTTTGGGGCTGCTCTGG	GCACCACTGCTGTGCCCTGGAAC	11.0
264	CTAGTGATTTTAATTTGCCACCT	GAAGCTATGCATGGACAAGTAGA	51.0
265	CTAGTTGGAGTAATAAAACTTAT	AGGCAGGGATACTCACCTTTGTC	267.0
266	CTAGTTGGAGTAATAAAACTTAT	TGGTTTGACATAACAAAATGGCT	156.0
267	CTATAGTAGCAAAGGAAATAGTA	AGACAGCATACTTTCTGCTAAAA	175.0
268	CTATTTTGTGCATCAGATGCCAA	AGTTAACTCCTCTCTGCGTTACT	185.0
269	CTATTTTTAGATGGGATAGATAA	CTAGTGATTTTAATTTGCCACCT	47.0
270	CTCAGGAGGAGATCTAGAAATTA	AATTTTTCTATTGCAATACAACA	27.0
271	CTCAGGAGGAGATCTAGAAATTA	ATTTTTCTATTGCAATACAACAC	28.0
272	CTCAGGTCAGGGAAAAAATAAAG	AAGATCTAGATAAACATGGAGCA	40.0
273	CTCAGGTCAGGGAAAAAATAAAG	AGAAGGAGTAGGAGCAGTATCTC	65.0
274	CTCCACATACCTAGAAGAATCAG	CTCAGGTCAGGGAAAAAATAAAG	69.0
275	CTCCACATACCTAGAAGAATCAG	GGGATGGCCTCAGGTCAGGGAAA	61.0
276	CTCCTATGGCAGGAAGAAGCGGA	TCCTGTACCAAAGCAGTGAGTAG	43.0
277	CTGAAAATCCATACAATACTCCA	AAATTAGTAGATTTCAGAGAGCT	39.0
278	CTGGAACTCCACTTGGAGTAATA	AGAGAGAAATTAGCAATTACACA	45.0
279	CTGGAACTCCACTTGGAGTAATA	ATATTTATAATGATAGTAGGAGG	200.0
280	CTGGCTGTGGAAAGATACCTAAA	CTAGGACTTTGGGGCTGCTCTGG	13.0
281	CTGTACTGGGTCTCTCTTGCTAG	AACTAGAGATCCCTCAGACCACT	115.0
282	CTGTACTGGGTCTCTCTTGCTAG	ATCCCTCAGACCACTCTAGACTG	124.0
283	CTGTGCCTCTTCAGCTACCACCG	GGACTGAGACGGGGGTGGGAAGG	64.0
284	CTGTGCCTCTTCAGCTACCACCG	GGACTGAGACTGGGGTGGGAAGC	64.0
285	CTTAGGACAGTACATCTATAACA	GTCAACATAGCAGAATAGGCATT	81.0
286	GAAAAAATAAAAGCATTAACAGA	ATTTCAAAAATTGGGCCTGAAAA	31.0
287	GAAAAAATTCGGTTACGGCCAGG	GAGTTAGAAAGATTCGCACTTAA	46.0
288	GAAAGCCAGCATCCAAAGGTAAG	GAAGTACATATCCCACTAGGAGA	4.0
289	GAAATTGCAGGGCCCCTAGAAAA	CCTTCCAACAAGGGAAGGCCGGG	84.0
290	GAAATTGCAGGGCCCCTAGAAAA	GGGATGGGGGAAGAGATAACCTC	159.0
291	GAACAAAAATAGAGGAGCTAAGA	AAAAACAGGAAAATATGCCAGAA	428.0
292	GAACAAAAATAGAGGAGCTAAGA	AGCTGGGGATTTACTACACCAGA	12.0
293	GAACACCTTAAGACAGCAGTACA	ATTGGGGGGTACAGTGCAGGGGA	40.0
294	GAACAGGAGACATAATAGGAGAT	ATTTTTCTATTGCAATACAACAC	164.0
295	GAACTACACACCAGGGCCAGGGA	CTGTACTGGGTCTCTCTTGCTAG	338.0
296	GAAGAAATGATGACAGCATGCCA	GAAATTGCAGGGCCCCTAGAAAA	149.0
297	GAAGCAGGAACCGAGGGACAAGG	ACTCTTTGGCAACGACCCTTAGT	31.0
298	GAAGCGGAAGCACCGACGAGGAA	TCAGAGCAGTAAGGATCATCAAA	4.0
299	GAAGCTATGCATGGACAAGTAGA	ATTGCACACATCTAGAAGGAAAA	26.0
300	GAAGGTCTCAAATATCTGGGGAA	GTTATATTGGGGCCAGGAACTAA	6.0
301	GAAGTACATATCCCACTAGGAGA	TCTCCATAGAATGGAGGCAGAGA	71.0
302	GAAGTACATATCCCACTAGGAGA	TTGGGGTCTGCAAACAGGAGAAA	24.0
303	GAATCTATGAATAAAGAATTAAA	TTAAAAGAAAAGGGGGGATTGGG	77.0
304	GAATGGGAGTTTGTTAATACCCC	AAAGACCCCATAGTAGGAGCAGA	31.0
305	GACAAAAATCTTAGAGCCCTTTA	CAATACATGGATGACTTGTATGT	29.0
306	GACACCAGGCAGCAATGCAGATG	AGGAAGCTGCAGAATGGGACAGG	19.0
307	GACACCAGGCAGCAATGCAGATG	CATGCAGGGCCTATTCCACCAGG	54.0
308	GACAGATGGAACAAGCCCCAGAA	AGAACTGTTAGAGGAGCTTAAAA	38.0
309	GACAGATGGAACAAGCCCCAGAA	GCTGTTAGACATTTTCCTAGGCC	69.0
310	GACAGTGGAAATGAGAGTGAAGG	TCAGACAACTTGTGGGTTACAGT	74.0
311	GACATACAAACTAAAGAATTACA	GTAGTAATACAAGACAATAGTGA	103.0
312	GACTCACAGTATGCATTAGGAAT	GAGTGAATCAGAGTTAGTCAATC	21.0
313	GAGAGACAGGCTAATTTTTTAGG	CGGGAAATTTTCCTCAGAGCAGA	29.0
314	GAGATGGGTGCGAGAGCGTCAGT	CAACAAATAATAGAACAGTTACA	151.0
315	GAGCCAAAGCACTAACAGATATA	CAGAGAACAGGGAGATTCTAAAA	34.0
316	GAGCCAAAGCACTAACAGATATA	GCAGAATTAGAATTGGCAGAGAA	18.0
317	GAGCCAACAGCCCCACCAGCAGA	GAAGCAGGAACCGAGGGACAAGG	36.0
318	GAGCCAACAGCCCCACCAGCAGA	TGGGGGATGGGGGAAGAGATAAC	4.0
319	GAGCCAACAGCCCCGCCAGCAGA	GGATGGGGGAAGAGATAACCTCC	8.0
320	GAGCTTAAAAATGAAGCTGTTAG	CATTTTCCTAGGCCCTGGCTCCA	1.0
321	GAGGGAGAAGAGGCAGGAATGGA	CCGGGAAGTCAGCCTACAACTGC	34.0
322	GAGTAGGAGCAGTATCTCAAGAT	TTCCAGTCAGGCCGCAGGTACCT	94.0
323	GAGTGAATCAGAGTTAGTCAATC	CACAAAGGGATTGGAGGAAATGA	56.0
324	GAGTGAATCAGAGTTAGTCAATC	TCATGGGTACCAGCACACAAAGG	41.0
325	GAGTTAGAAAGATTCGCACTTAA	ACAGGATCAGAAGAACTTAAATC	67.0
326	GATAAAATAGAGGAAGTACAAAA	AGACACAGCAGGCAGCAGCTGGC	14.0
327	GATAAAATAGAGGAAGTACAAAA	GCAGGCAGCAGCTGGCACAGGAA	21.0
328	GATCAGATACTTATAGAAATTTG	TAAATTTCCCAATTAGTCCTATT	89.0
329	GATCCTAACCTAGAGCCCTGGAA	CAGCCTACAACTGCTTGTAGCAA	13.0
330	GATCCTGACCTAGCAGACCAACT	CATATTAGGACAAGTAGTTAGAC	51.0
331	GATGCATGGGAAAAAATTCGGTT	TAGAAAGATTCGCACTTAACCCT	59.0
332	GATGGACAGTCCAGCCTATAGAA	AATTTATGCAGGGATTAAGGTAA	71.0
333	GATTGGCAGAACTACACACCAGG	AGGACGAAGACAGAGAAGTGCTG	131.0
334	GCAAAATGCACAAGGGCAAATGG	AGAACTTTGAATGCATGGGTGAA	20.0
335	GCAAAATGCACAAGGGCAAATGG	TAAAAGAAACCATCAATGAGGAA	174.0
336	GCAAATTATAAACATGTGGCAGG	ATACTATTGACAAGAGATGGTGG	68.0
337	GCAAATTATAAACATGTGGCAGG	GTATGCTCCTCCCATCAGTGGAA	16.0
338	GCAATAGTAGGACTAGTAGTAGC	AAATAAGAAAACAGAAGAAAATA	50.0
339	GCAATGAGTCAAGTACAACAGGC	AACTGTGGCAAAGAAGGACACCT	55.0
340	GCAATGAGTCAAGTACAACAGGC	AGGACACCTAGCCAGAAATTGCA	69.0
341	GCACCACTGCTGTGCCCTGGAAC	AGAGAGAAATTAGCAATTACACA	61.0
342	GCAGAATTAGAATTGGCAGAGAA	TTTATCAAGAGCCATTTAAAAAT	104.0
343	GCAGATGATACAGTATTAGAAGA	AGTAAGACAATATGATCAGATAC	60.0
344	GCAGCAATGCAAATGTTAAAAGA	GCAGGGCCTATTCCACCAGGCCA	49.0
345	GCAGGCAGCAGCTGGCACAGGAA	GCAAAATGCACAAGGGCAAATGG	34.0
346	GCAGGGAGTTGGAAAGATTCGCA	GGCCTTTTAGAAACAGCAGAAGG	9.0
347	GCAGGGCCTATTCCACCAGGCCA	ACAAATAGGATGGATGACAAACA	54.0
348	GCAGGGGAAAGAATAATAGACAT	GACATACAAACTAAAGAATTACA	10.0
349	GCATATTTTTCAGTTCCTTTAGA	TACTGCATTCACCATACCTAGTA	18.0
350	GCATTAACAGAAATTTGTAAAGA	AAAAAGGACAGCACCAAATGGAG	73.0
351	GCATTAACAGAAATTTGTAAAGA	CTGAAAATCCATACAATACTCCA	35.0
352	GCCAGAAATTGCAGGGCCCCTAG	GAGAGACAGGCTAATTTTTTAGG	55.0
353	GCCATAAAGAAAAAAGATAGTAC	TACCTCATCCCGCGGGATTAAAA	74.0
354	GCCCAGAAGTAATACCCATGTTC	ATTCCACCAGGCCAGATGAGGGA	150.0
355	GCGGCGACTGGTGAGTACGCCAA	GATGCATGGGAAAAAATTCGGTT	70.0
356	GCGTCAATAACGCTGACGGTACA	AGGCTATAGAGGCTCAACAACAT	50.0
357	GCTATAAAGAAAAAGGACAGCAC	CCTTTAGATGAAAGCTTTAGAAA	148.0
358	GCTGTTAGACATTTTCCTAGGCC	GAGGGAGAAGAGGCAGGAATGGA	143.0
359	GCTGTTAGACATTTTCCTAGGCC	TGGGGATACTTGGGAAGGGGTTG	39.0
360	GCTTCAAGCTAGTACCAGTTGAC	ACAGTGCCCTAGCACGAAAACAC	109.0
361	GCTTCAAGCTAGTACCAGTTGAC	CAACTGCCTGTTACACCCCATGA	35.0
362	GGAAAACTAAATTGGGCAAGTCA	GAGCCAAAGCACTAACAGATATA	47.0
363	GGAACAGGAGCTACATTAGAAGA	AGGGTTTTGGCTGAGGCAATGAG	46.0
364	GGAATACTATTGACAAGAGATGG	AGAAGTGAATTATATAAATATAA	85.0
365	GGAATCAGATATCAGTACAATGT	CCACAGGGATGGAAAGGATCACC	4.0
366	GGAATGGATGGACCAAAGGTTAA	AAAATTGGGCCTGAAAATCCATA	79.0
367	GGAATGGATGGACCAAAGGTTAA	GCATTAACAGAAATTTGTAAAGA	31.0
368	GGAATTCCCTACAATCCCCAAAG	GAATCTATGAATAAAGAATTAAA	13.0
369	GGACTCGAAAGCGAAAGTTCCAG	GGGGGAAAATTAGATGCATGGGA	138.0
370	GGACTGAGACGGGGGTGGGAAGG	GTTATATTGGGGCCAGGAACTAA	24.0
371	GGACTGAGACTGGGGTGGGAAGC	GTGCTATTAATTTGCTTGATACA	53.0
372	GGACTTCCGCTGGGGACTTTCCA	GCTGCATAAAAGCAGCCGCTTTT	47.0
373	GGAGAAAAGGACTGGCAATTGGG	CTAGCAGACCAACTGATTCATCT	58.0
374	GGAGGAAATGAACAAGTAGATAA	AGGAAGGTGCTATTTTTAGATGG	19.0
375	GGATCACCAGCAATATTTCAGGC	ATGACAAAAATCTTAGAGCCCTT	4.0
376	GGATCCCTACAATATTTGGCACT	GACAGATGGAACAAGCCCCAGAA	64.0
377	GGATGGGGGAAGAGATAACCTCC	AGCAGGAGCAGAAAGACAAGGAA	7.0
378	GGATGGGGGAAGAGATAACCTCC	GAAGCAGGAACCGAGGGACAAGG	5.0
379	GGCATAGATAAAGCCCAAGAAGA	CACAGCAATTGGAGAGCAATGGC	13.0
380	GGCCTTTTAGAAACAGCAGAAGG	AACTTAAATCATTATTTAATACA	53.0
381	GGCGAGCAAGGCAGAGACAGATC	CTACGGAGCCTGTGCCTCTTCAG	43.0
382	GGCGAGCAAGGCAGAGACAGATC	CTGTGCCTCTTCAGCTACCACCG	52.0
383	GGCGCCCGAACAGGGACTTGAAG	GGACTCGAAAGCGAAAGTTCCAG	7.0
384	GGGAGAAGAGGCAGGAATGGAGC	TCCGGGAAGTCAGCCTACAACTG	31.0
385	GGGATGGCCTCAGGTCAGGGAAA	CCTCCAGCAGCAGAAGGAGTAGG	14.0
386	GGGATGGGGGAAGAGATAACCTC	AAATCACTCTTTGGCAACGACCC	55.0
387	GGGCAAAGAGAAGAGTGGTGGAG	ACGGTACAGGCCAGACAATTATT	90.0
388	GGGCTATAGAGGCGCAGCAGCAT	CTGGAACTCCACTTGGAGTAATA	134.0
389	GGGGAAGCTATGCATGGACAAGT	AAAGTCATCCTGGTAGCAGTCCA	49.0
390	GGGGCAGCTAGTAGGGAGACTAA	AATCAAAAGACTGAATTACATGC	67.0
391	GGGGGAAAATTAGATGCATGGGA	AGAAAAAATATAGACTAAAACAT	26.0
392	GGGGGAATTGGAGGTTTTATCAA	TATGATCAGATACTTATAGAAAT	10.0
393	GTAAAATTATGGTACCAGTTAGA	TTTCTATGTAGATGGGGCAGCTA	27.0
394	GTACAGAAACAAGGGCAGGACCA	ACAGGAAAATATGCCAGAAAAAG	43.0
395	GTACCAAGAAGAAAAGCAAAGAT	TGAGGATTAGAACATGGAACAGT	57.0
396	GTACTTTTAATATGACCACAGAA	AAGAAGCAGAAGGTCCATGCACT	9.0
397	GTAGGATCTGACTTAGAGATAGG	ACACCAGACAAAAAACATCAGAA	58.0
398	GTAGGCTTTCCAGTCAGGCCGCA	AGGGGGGACTGGATGGGTTAATT	62.0
399	GTAGTAATACAAGACAATAGTGA	GTACCAAGAAGAAAAGCAAAGAT	10.0
400	GTAGTACCAAGAAGAAAAGCAAA	ATTATGGAAAACAGATGGCAGGT	11.0
401	GTAGTAGAATCTATGAATAAGGA	GCAGGGGAAAGAATAATAGACAT	115.0
402	GTATGCTCCTCCCATCAGTGGAA	ATACTATTGACAAGAGATGGTGG	29.0
403	GTCAACATAGCAGAATAGGCATT	ATCCGGGAAGTCAGCCTACAACT	59.0
404	GTCACTGACAGAGGAAGACAAAA	AATCATTCAGGCACAACCAGACA	117.0
405	GTCTGGCTGAGAGCACAAGAGGA	AAAAGGGGGGACTGGATGGGCTA	95.0
406	GTCTGGCTGAGAGCACAAGAGGA	GCTTCAAGCTAGTACCAGTTGAC	236.0
407	GTGAGCGGATTCTTAGCACTTGC	CCTGTGCCTCTTCAGCTACCACC	18.0
408	GTGCTATTAATTTGCTTGATACA	ACAGATAGAGTTATAGAAATAGG	24.0
409	GTGGCCAGCTGTGATAAATGTCA	ATATGGCAATTAGATTGTACACA	46.0
410	GTGGGAAAACTAAATTGGGCAAG	GAGCCAAAGCACTAACAGATATA	50.0
411	GTTAGCATTTTGGACATAAGACA	GGAACAGGAGCTACATTAGAAGA	151.0
412	GTTATATTGGGGCCAGGAACTAA	TGCTATTTCTTTGCTTGATGCTA	7.0
413	GTTATCCCAGCAGAAACAGGACA	TGGAAAGGTGAAGGGGCAGTAGT	442.0
414	GTTTAGTAAAACATCATATGTAT	TATAGACATCACTATGAAAGTAG	27.0
415	GTTTATTACAGGGACAGCAGAGA	GTAGTACCAAGAAGAAAAGCAAA	79.0
416	TAAAAGAAACCATCAATGAGGAA	ACAAATAGGATGGATGACAAACA	110.0
417	TAAATTTCCCAATTAGTCCTATT	ACATTAAAGCCAGGAATGGATGG	15.0
418	TAACAGAAGATAGATGGAACAAG	AACAATGAATGGACATTAGAACT	26.0
419	TAACAGAAGATAGATGGAACAAG	CATTTTCCTAGGCCCTGGCTCCA	83.0
420	TAACAGACATAGTACCACTGACT	AGAAGCAGAATTAGAGTTGGCAG	2.0
421	TACCTCATCCCGCGGGATTAAAA	TTTTCAGTTCCCTTAGATGAAGA	42.0
422	TACTGCATTCACCATACCTAGTA	GGAATCAGATATCAGTACAATGT	17.0
423	TAGAAAGATTCGCACTTAACCCT	ACAGTCAACTCTCAAGACAGGAT	47.0
424	TAGCAAGGGAACCCACTGCTTAA	AATAAAGCTTGCCTTGAGTGCTT	6.0
425	TAGGAAAAGCAGGGTATGTCACT	AATCAAAAGACTGAGTTACATGC	42.0
426	TAGTAATATGAATAATGCTGATA	AGAAAAGACAAGAGATCCTTGAT	159.0
427	TATAAGCTTGATATAGTACAAAT	ATTTTAAAGTGTAATGATAAGAA	127.0
428	TATAAGCTTGATATAGTACAAAT	TGTACTCCAGCTGGTTATGCGAT	112.0
429	TATAGACATCACTATGAAAGTAG	TCAGAAGTACACATTCCACTAGG	16.0
430	TATGATCAGATACTTATAGAAAT	GGAATGGATGGACCAAAGGTTAA	142.0
431	TATGGCAATTAGATTGTACACAT	CCAGTGAAAGTAATACACACAGA	123.0
432	TATGTATATCTCAAAGAAAGCTA	GAAGTACATATCCCACTAGGAGA	53.0
433	TATTACAGGGACAGCAGAGACCC	AAAGGTAGTACCAAGAAGAAAAG	72.0
434	TATTGGCAGGCTACCTGGATTCC	GAATGGGAGTTTGTTAATACCCC	1.0
435	TCAAATATCTGGGGAATCTTCTG	CTCCACATACCTAGAAGAATCAG	120.0
436	TCAGAAGTACACATTCCACTAGG	ATAAGAACATATTGGGGTCTGCA	16.0
437	TCAGAAGTACACATTCCACTAGG	TTGGGGTCTGCAAACAGGAGAAA	27.0
438	TCAGACAACTTGTGGGTTACAGT	TGCCTGTGTACCCACAGACCCCA	102.0
439	TCAGAGCAGTAAGGATCATCAAA	CAATAGTAGGACTGATAGTAGCG	51.0
440	TCATGGGTACCAGCACACAAAGG	AACAAGTAGATAAATTAGTCAGT	14.0
441	TCCGGGAAGTCAGCCTACAACTG	GAAGCGGAAGCACCGACGAGGAA	88.0
442	TCCTATACCAAAGCAGTAAGTAA	CAATAGTAGGACTGATAGTAGCG	34.0
443	TCCTATACCAAAGCAGTAAGTAA	TGGAAATTAGTGCAATAGTAGGA	22.0
444	TCCTATGGCAGGAAGAAGCGGAA	TCCTGTACCAAAGCAGTGAGTAG	42.0
445	TCCTGTACCAAAGCAGTGAGTAG	ATGTGATGCAACCTTTAGAAATA	13.0
446	TCTCAAAGAAAGCTAAAAAGTGG	ATAGACATCATTATGAAAGCCAG	4.0
447	TCTCCATAGAATGGAGGCAGAGA	AAATAGATCCTGACCTAGCAGAC	13.0
448	TCTCCATAGAATGGAGGCAGAGA	CCTGACCTAGCAGACCAACTGAT	21.0
449	TGAGGATTAGAACATGGAACAGT	TCTCAAAGAAAGCTAAAAAGTGG	22.0
450	TGCAAAATGCACAAGGACAAATG	GACACCAGGCAGCAATGCAGATG	151.0
451	TGCAAAATGCACAAGGACAAATG	GCCCAGAAGTAATACCCATGTTC	67.0
452	TGCAAAATGCACAAGGGCAAATG	GACACCAGGCAGCAATGCAGATG	151.0
453	TGCCTGTGTACCCACAGACCCCA	CTAAAGCCATGTGTAAAATTAAC	107.0
454	TGCTATTTCTTTGCTTGATGCTA	CTCAGGTCAGGGAAAAAATAAAG	160.0
455	TGCTATTTCTTTGCTTGATGCTA	CTCCACATACCTAGAAGAATCAG	68.0
456	TGCTTTCTGAACAAGGGCTTAGG	CTCCTATGGCAGGAAGAAGCGGA	3.0
457	TGGAAACCAAAAATGATAGGGGG	GATCAGATACTTATAGAAATTTG	31.0
458	TGGAAAGGTGAAGGGGCAGTAGT	ACAGGATGAGGATTAGAACATGG	102.0
459	TGGAAATTAGTGCAATAGTAGGA	TGTGGACTATAGTAGCTATAGAA	31.0
460	TGGCCAAACTTGTGGAAATGGGG	TTGATCCTTGGGTTGGTGATAAT	4.0
461	TGGCCGGGGCGGAGTTGGGGAGT	TAGCAAGGGAACCCACTGCTTAA	92.0
462	TGGGGATACTTGGGAAGGGGTTG	TTTGTTCATTTCAGAATTGGGTG	32.0
463	TGGGGCTGCTCTGGAAAAATCAT	CTGGAACTCCACTTGGAGTAATA	18.0
464	TGGGGGATGGGGGAAGAGATAAC	AGCAGGAGCAGAAAGACAAGGAA	26.0
465	TGGGTTACAGTTTATTATGGGGT	CTATTTTGTGCATCAGATGCCAA	28.0
466	TGGTATATAAAAATATTTATAAT	ATACTCACCTTTGTCTTTCCAGA	72.0
467	TGGTGGATGGAGTATTGGCAGGC	GTAAAATTATGGTACCAGTTAGA	43.0
468	TGGTTTGACATAACAAAATGGCT	TTTATAATGATAGTAGGAGGTTT	16.0
469	TGTACTCCAGCTGGTTATGCGAT	CAATTGCTGTTAAATGGCAGTCT	97.0
470	TGTGAATATCCATCAGGACATAA	CCTACAATATTTGGCACTGAAAG	12.0
471	TGTGGACTATAGTAGCTATAGAA	AGGTTAGTTAAGAGAATAAGAGA	33.0
472	TGTGGACTATAGTAGCTATAGAA	GACAGTGGAAATGAGAGTGAAGG	66.0
473	TGTGTTTTGGATGGTGCTTCAAG	GACGAAGAAAGAGAAGTGCTGAT	90.0
474	TGTTAAATGGCAGTCTAGCAGAA	ATGCCAAAACCATAATAGTACAG	37.0
475	TGTTGACTCAGATTGGTTGCACT	AAGCCAGGAATGGATGGCCCAAA	45.0
476	TGTTGACTCAGATTGGTTGCACT	AATTTCCCAATTAGTCCTATTGA	3.0
477	TGTTGGTGGGCAAATGTCACACA	GAACACCTTAAGACAGCAGTACA	97.0
478	TGTTGGTGGGCAAATGTCACACA	GGAATTCCCTACAATCCCCAAAG	7.0
479	TTAAAAGAAAAGGGGGGATTGGG	ATAATAGACATAATAGCATCAGA	21.0
480	TTAAATATGATGCTAAATATAGT	GCAGCAATGCAAATGTTAAAAGA	13.0
481	TTAGAAGAAATGATGACAGCATG	GCAATGAGTCAAGTACAACAGGC	46.0
482	TTAGGAATACCGCATCCAGCAGG	GCATATTTTTCAGTTCCTTTAGA	43.0
483	TTCCAGTCAGGCCGCAGGTACCT	AGGGGGGACTGGATGGGTTAATT	55.0
484	TTGATCCTTGGGTTGGTGATAAT	CACATGAGACAGAAGTGCACAAT	98.0
485	TTGGGGTCTGCAAACAGGAGAAA	CATGGGGTCTCCATAGAATGGAG	17.0
486	TTGGGGTCTGCAAACAGGAGAAA	TCTCCATAGAATGGAGGCAGAGA	24.0
487	TTGTCTGGTATAGTGCAACAGCA	AGGCTATAGAGGCTCAACAACAT	14.0
488	TTTAGGGAAAATTTGGCCTTCCA	GGATGGGGGAAGAGATAACCTCC	69.0
489	TTTATAATGATAGTAGGAGGTTT	AGGCAGGGATACTCACCTTTGTC	49.0
490	TTTATCAAGAGCCATTTAAAAAT	ACAGAGGTAGTGCAAAAAGTGGC	60.0
491	TTTCTATGTAGATGGGGCAGCTA	GTCACTGACAGAGGAAGACAAAA	32.0
492	TTTGTTCATTTCAGAATTGGGTG	GATCCTAACCTAGAGCCCTGGAA	56.0
493	TTTTCAGTTCCCTTAGATGAAGA	ATACTGCATTCACTATACCTAGT	11.0
