0	AAAAATATTTATAATGATAGTAGGAGGCTTGATAGGATTAA	CTACGGAGCCTGTGCCTCTTCAGCTACCACCGCTTGAGAGA	191.0
1	AAAAATATTTATAATGATAGTAGGAGGCTTGATAGGATTAA	CTGGGACACAGCAGTCTCAAGGGACTGAGACTGGGGTGGGA	266.0
2	AAAATTCAAAATTTTCGGGTTTATTACAGGGACAGCAGAGA	GGATTAGAACATGGAACAGTTTAGTAAAACATCATATGTAT	165.0
3	AAAATTCAAAATTTTCGGGTTTATTACAGGGACAGCAGAGA	TGAGGATTAGAACATGGAACAGTTTAGTAAAACATCATATG	162.0
4	AAAGACAGCACTAAATGGAGAAAATTAGTAGATTTCAGAGA	CATCCAGCGGGCCTAAAAAAGAAAAAATCAGTAACAGTACT	49.0
5	AAAGCAGCCTGTTGGTGGGCAAATATCCAACAGGAATTTGG	CATTCACAATTTTAAAAGAAAAGGGGGGATTGGGGGGTACA	123.0
6	AAAGGACCAGCAAAACTACTCTGGAAAGGTGAAGGGGCAGT	ACAGGACAATAGTGATATAAAAGTAGTACCAAGAAGAAAAG	6.0
7	AAAGGACCAGCAAAACTACTCTGGAAAGGTGAAGGGGCAGT	TGATATAAAAGTAGTACCAAGAAGAAAAGTAAAGATCATTA	18.0
8	AAAGGGGAAGCCATGCATGGACAAGTAGACTGCAGTCCAGG	GGCTATATAGAAGCAGAAGTTATCCCAGCAGAAACAGGACA	67.0
9	AAATCAGTAACAGTACTAGATGTGGGGGACGCATATTTTTC	GGGATGGAAAGGATCACCAGCAATATTCCAGAGTAGCATGA	102.0
10	AAATTTCAAAAATTGGGCCTGAAAATCCATACAATACTCCA	AGAACTCAAGACTTCTGGGAAGTTCAGTTAGGAATACCACA	69.0
11	AACAACAATACAAGAAAAAGTATACGCTTTGGACCAGGACA	AATTACAACACATAGTTTTAATTGTGGAGGAGAATTTTTCT	168.0
12	AACAACAATACAAGAAAAAGTATACGCTTTGGACCAGGACA	ACAACACATAGTTTTAATTGTGGAGGAGAATTTTTCTATTG	169.0
13	AACACAGTGGGGGGACATCAAGCAGCTATGCAAATGTTAAA	CTTCAGGAACAAATAGGATGGATGACCAGCAACCCACCTAT	121.0
14	AACTGTGTAAACTCCTCAGGGGAGCCAAAGCACTAACAGAT	GAATTAGAATTGGCAGAGAACAGGGAGATTCTAAAAGAACC	24.0
15	AACTGTTTTTCAGACTCTGCCATAAGGAAAGCCATATTAGG	GCTGTTAGACATTTTCCTAGGCCATGGCTCCATGGATTAGG	228.0
16	AACTGTTTTTCAGACTCTGCCATAAGGAAAGCCATATTAGG	GGATAGATGGAACAAGCCCCAGAAGACCAGGGGCCACAGAG	135.0
17	AAGCAGAATTAGAATTGGAAGAGAACAGGGAGATTCTAAAA	AGAACCATTTAAAAATCTAAAAACAGGGAAATATGCAAAAA	95.0
18	AAGCAGAATTAGAATTGGAAGAGAACAGGGAGATTCTAAAA	GTATATTATGACCCATCAAAAGACTTAATAGCAGAAATACA	15.0
19	AAGGCTACTTCCCTGATTGGCAGAATTACACACCAGGGCCA	TACCCACTAACATTTGGATGGTGCTTCAAGCTAGTACCAGT	9.0
20	AAGTAATACATACAGACAATGGGCCCAATTTCACCAGTGCA	GTGGAATCTATGAATAAAGAATTAAAGAAAATCATAGGGCA	78.0
21	AATACAGTAGCAACCCTCTATTGCGTACATCAACGGATAGA	CAAAATTACCCTATAGTGCAAAATGCACAAGGGCAAATGAT	109.0
22	AATAGGATTAAGAATAGTTTTTGCTGTGCTTTCTATAATAA	CGATTAGTGAGCGGATTCTTAGCACTTGCCTGGGACGACCT	122.0
23	AATAGGATTAAGAATAGTTTTTGCTGTGCTTTCTATAATAA	CTACGGAGCCTGTGCCTCTTCAGCTACCACCGCTTGAGAGA	161.0
24	AATAGTAAGAATGTATAGCCCTGTCAGCATTTTGGACATAA	AGAGACTATGTAGATAGGTTCTTTAAAACTCTCAGAGCTGA	23.0
25	AATAGTAAGAATGTATAGCCCTGTCAGCATTTTGGACATAA	GTAAAAAATTGGATGACAGACACCTTGCTGGTCCAAAATGC	80.0
26	AATATAAGAAATTGCTAAAGCAAAGAAAAATAGACAGGTTA	ATGCATACAGATATAATCAGTCTATGGGACCAAAGCCTAAA	343.0
27	AATATAAGAAATTGCTAAAGCAAAGAAAAATAGACAGGTTA	GAGTTTAACATGTGGAAAAATAACATGGTAGAGCAGATGCA	307.0
28	AATCAAACATTACAGGACTAATATTAACAAGAGATGGTGGG	AGGCAAGGAGAAGAGTGGTGGAGAGAGAAAAAAGAGCAGTT	121.0
29	AATCAAACATTACAGGACTAATATTAACAAGAGATGGTGGG	GGACAATTGGAGAAGTGAATTATATAAGTATAAAGTAGTAA	53.0
30	AATGGAGGCTAAAAAGATATAGCACACAAATAGATCCTGAC	AACTGTTTTTCAGACTCTGCCATAAGGAAAGCCATATTAGG	33.0
31	AATGGAGGCTAAAAAGATATAGCACACAAATAGATCCTGAC	TAGATGGAACAAGCCCCAGAAGACCAGGGGCCACAGAGGGA	212.0
32	AATTACAACACATAGTTTTAATTGTGGAGGAGAATTTTTCT	AGCAATGTATGCCCCTCCCATTGCAGGAGTAATAAAGTGTA	157.0
33	AATTGCAGGGCCCCTAGGAAAAAGGGCTGTTGGAAATGTGG	GGGAAAATTTGGCCTTCCAGCAAGGGGAGGCCAGGAAATTT	52.0
34	AATTTTCCAATTAGTCCTATTGAAACTGTACCAGTAAAATT	AAATTTCAAAAATTGGGCCTGAAAATCCATACAATACTCCA	101.0
35	AATTTTCCAATTAGTCCTATTGAAACTGTACCAGTAAAATT	ACAGAAGAAAAAATAAAAGCATTAACAGAAATTTGTAAAGA	43.0
36	ACAACACATAGTTTTAATTGTGGAGGAGAATTTTTCTATTG	AATCAAACATTACAGGACTAATATTAACAAGAGATGGTGGG	182.0
37	ACAACACATAGTTTTAATTGTGGAGGAGAATTTTTCTATTG	AGCAATGTATGCCCCTCCCATTGCAGGAGTAATAAAGTGTA	132.0
38	ACAGAAGAAAAAATAAAAGCATTAACAGAAATTTGTAAAGA	AGAACTCAAGACTTCTGGGAAGTTCAGTTAGGAATACCACA	127.0
39	ACAGGACAATAGTGATATAAAAGTAGTACCAAGAAGAAAAG	GGATTAGAACATGGAACAGTTTAGTAAAACATCATATGTAT	67.0
40	ACAGTATTAGTAGGACCTACACCTGTCAACATAATTGGAAG	CATTGACAGAAGAAAAAATAAAAGCATTAACAGAAATTTGT	110.0
41	ACTAAGCTAGGAAAAGCAGGGTATGTCACTGACAGAGGAAG	AGGTTGTTTCCCTAACTGAGACAACAAATCAAAAGACTGAA	5.0
42	ACTAAGCTAGGAAAAGCAGGGTATGTCACTGACAGAGGAAG	ATTTTTAGATGGGATAGATAAGGCTCAAGAAGAACATGAAA	291.0
43	ACTATGGGCGCGGCGTCAATAACGCTGACGGTACAGGCCAG	AGCAAAGCAATTTGCTGAGGGCTATAGAGGCTCAACAACAT	26.0
44	ACTTGTATGTAGGATCTGATTTAGAAATAGGGCAGCATAGA	CTGAGGAAGCAGAATTAGAATTGGCAGAGAACAGGGAGATT	289.0
45	ACTTGTATGTAGGATCTGATTTAGAAATAGGGCAGCATAGA	TTTACTACACCAGACAAAAAGCATCAGAAAGAACCTCCATT	42.0
46	AGAAAATTCGGTTAAGGCCAGGGGGAAAGAAAAAATATAGA	GAGGTAAAAGACACCAAGGAAGCTCTAGATAAAATAGAGGA	186.0
47	AGAAAATTCGGTTAAGGCCAGGGGGAAAGAAAAAATATAGA	TATGGGCAAGCAGGGAGCTGGAAAGATTTGCACTTAACCCT	13.0
48	AGAAATTAGTGGGAAAACTAAATTGGGCAAGTCAAATTTAT	AACTGTGTAAACTCCTCAGGGGAGCCAAAGCACTAACAGAT	19.0
49	AGAACCAAGGGGAAGTGACATAGCAGGAACTACTAGTACCC	TTAAATAAAATAGTAAGAATGTATAGCCCTGTTAGCATTTT	80.0
50	AGAACCATTTAAAAATCTAAAAACAGGGAAATATGCAAAAA	GCTACCTGGATTCCTGAGTGGGAGTTTGTCAATACCCCTCC	152.0
51	AGAACTCAAGACTTCTGGGAAGTTCAGTTAGGAATACCACA	AAATCAGTAACAGTACTAGATGTGGGGGACGCATATTTTTC	22.0
52	AGAACTCAAGACTTCTGGGAAGTTCAGTTAGGAATACCACA	TCACCAGCAATATTCCAGAGTAGCATGACAAAAATCCTAGA	178.0
53	AGAATTAAGTGTTTCAACTGTGGCAAGGAAGGACACCTAGC	TTCCCTCAAATCACTCTTTGGCAACGACCTCTTGTCACAGT	234.0
54	AGACATAATAGCAACAGATATACAAACTAAAGAATTACAAA	AAAATTCAAAATTTTCGGGTTTATTACAGGGACAGCAGAGA	11.0
55	AGACATAATAGCAACAGATATACAAACTAAAGAATTACAAA	AGGGACAGCAGAGATCCAATTTGGAAAGGACCAGCAAAACT	38.0
56	AGACTGGCACTTGGGTCATGGGGTCTCCATAGAATGGAGGC	TCTGTATTATTTTGACTGTTTTTCAGAATCTGCCATAAGGA	52.0
57	AGAGACTATGTAGATAGGTTCTTTAAAACTCTCAGAGCTGA	GTAAAAAATTGGATGACAGACACCTTGCTGGTCCAAAATGC	16.0
58	AGAGCAATGGCTCATGACTTTAATCTGCCACCTATAGTAGC	CAGGAATATGGCAACTAGATTGCACACATCTAGAAGGAAAA	75.0
59	AGAGCGTCAGTATTAAGTGGGGGAAAATTAGATGCATGGGA	TATGGGCAAGCAGGGAGCTGGAAAGATTTGCACTTAACCCT	53.0
60	AGCAAAGCAATTTGCTGAGGGCTATAGAGGCTCAACAACAT	GGCATTAAACAGCTCCAGGCAAGAGTCCTGGCTGTGGAAAG	21.0
61	AGCAAAGCAATTTGCTGAGGGCTATAGAGGCTCAACAACAT	GTCTGGGGCATTAAACAGCTCCAGGCAAGAGTCCTGGCTCT	15.0
62	AGCAATAGCAGTAGCTGGCTGGACAGATAGGGTTATAGAAA	ATGGAGCAGTCACAAGCAGCAATGTAAATCACCCTAGTTGC	212.5
63	AGCAATGTATGCCCCTCCCATTGCAGGAGTAATAAAGTGTA	CAAGGAGAAGAGTGGTGGAGAGAGAAAAAAGAGCAGTTGGA	168.0
64	AGCAATGTATGCCCCTCCCATTGCAGGAGTAATAAAGTGTA	TATAAAGTAGTAAAAATTGAACCACTAGGAATAGCACCCAC	116.0
65	AGCAATTGGAGAGCAATGGCTAGTGATTTTAATCTGCCACC	AAAGGGGAAGCCATGCATGGACAAGTAGACTGCAGTCCAGG	46.0
66	AGCAATTGGAGAGCAATGGCTAGTGATTTTAATCTGCCACC	TGTCAGCTAAAAGGGGAAGCCATGCATGGACAAGTAGACTG	37.0
67	AGCTCCTAGGAATTTGGGGCTGCTCTGGAAAACTCATCTGC	GGCTGTGGTATATAAAAATATTTATAATGATAGTAGGAGGC	220.0
68	AGCTCCTAGGAATTTGGGGCTGCTCTGGAAAACTCATCTGC	TATTGGCATTAGACAAATGGGCAAATTTGTGGAATTGGTTT	166.0
69	AGGAATTTGGGGCTGCTCTGGAAAACTCATCTGCACCACTA	AATAGGATTAAGAATAGTTTTTGCTGTGCTTTCTATAATAA	256.0
70	AGGAATTTGGGGCTGCTCTGGAAAACTCATCTGCACCACTA	CAGAACCAGCAGGAAAAGAATGAACAAGACTTATTGGCATT	128.0
71	AGGACAAAGCCACCTTTGCCTAGTGTTAGGAAATTAGTAGA	CATTTCAGAATTGGGTGCCAACATAGCAGAATAGGCATTAT	216.0
72	AGGACAAAGCCACCTTTGCCTAGTGTTAGGAAATTAGTAGA	TAGATGGAACAAGCCCCAGAAGACCAGGGGCCACAGAGGGA	3.0
73	AGGCAAGGAGAAGAGTGGTGGAGAGAGAAAAAAGAGCAGTT	CAACAGCAAAGCAATTTGCTGAGGGCTATAGAGGCTCAACA	108.0
74	AGGGACAGCAGAGATCCAATTTGGAAAGGACCAGCAAAACT	GGATTAGAACATGGAACAGTCTAGTAAAACATCATATGTAT	138.0
75	AGGTTGTTTCCCTAACTGAGACAACAAATCAAAAGACTGAA	ATAGTAACAGACTCACAGTATGCATTAGGAATCATTCAGGC	48.0
76	AGGTTGTTTCCCTAACTGAGACAACAAATCAAAAGACTGAA	GACAAAGTCTACCTGTCATGGGTACCAGCACACAAAGGAAT	150.0
77	ATACATGGATGACTTGTATGTAGGATCTGATTTAGAAATAG	TTTACTACACCAGACAAAAAGCATCAGAAAGAACCTCCATT	53.0
78	ATAGTAACAGACTCACAGTATGCATTAGGAATCATTCAGGC	GACAAAGTCTACCTGTCATGGGTACCAGCACACAAAGGAAT	61.0
79	ATAGTAACAGACTCACAGTATGCATTAGGAATCATTCAGGC	GGCTATATAGAAGCAGAAGTTATCCCAGCAGAAACAGGACA	400.0
80	ATAGTAAGAACATATTGGGGTCTGCACCCAGGAGAAAAAGA	TCTGTATTATTTTGACTGTTTTTCAGAATCTGCCATAAGGA	90.0
81	ATAGTGGGGGGACACCAGGCAGCTATGCAAATGTTAAAAGA	TAATCCTGGGATTAAATAAAATAGTAAGAATGTATAGCCCT	188.0
82	ATATTTGCTATAAAGAAAAAAGACAGCACTAAATGGAGAAA	TCAGTAACAGTACTAGATGTGGGGGACGCATATTTTTCAGT	94.0
83	ATCTCAGCCACTTTTTAAAAGAAAAGGGGGGACTGGATGGG	GCTACTTCCCTGATTGGCAGAATTACACACCAGGGCCAGGG	58.0
84	ATGCAAATGTTAAAAGATACCATCAATGAGGAAGCTGCAGA	AGAACCAAGGGGAAGTGACATAGCAGGAACTACTAGTACCC	54.0
85	ATGCATACAGATATAATCAGTCTATGGGACCAAAGCCTAAA	CCAATTCCTATACATTATTGTGCCCCAGCTGGTTTTGCGAT	271.0
86	ATGCATACAGATATAATCAGTCTATGGGACCAAAGCCTAAA	GTACGTATAGGACCAGGACAAACATTCTATGCAACAGGTGA	577.0
87	ATGGAGCAGTCACAAGCAGCAATGTAAATCACCCTAGTTGC	TTTAAAAGAAAAGGGGGGACTGGATGGGTTAATTTACTCCA	104.0
88	ATGGATGACTTGTATGTAGGATCTGATTTAGAAATAGGGCA	AGAAATTAGTGGGAAAACTAAATTGGGCAAGTCAAATTTAT	182.0
89	ATGGGGATACTTGGGAAGGAGTTGAAGCTATAATAAGAATT	GAACAAGGGCTTAGGCATCTCCTATGGCAGGAAGAAGCGGA	201.0
90	ATGGGGATACTTGGGAAGGAGTTGAAGCTATAATAAGAATT	TTCATTTCAGAATTGGGTGCCAACATAGCAGAATAGGCATT	19.0
91	ATGTTCTCAGCATTATCAGAAGGAGCCACCCCACAAGATTT	TAAAAGATACCATCAATGAGGAAGCTGCAGAATGGGACAGG	50.0
92	ATTTTTAGATGGGATAGATAAGGCTCAAGAAGAACATGAAA	AGAGCAATGGCTCATGACTTTAATCTGCCACCTATAGTAGC	17.0
93	CAAAATTACCCTATAGTGCAAAATGCACAAGGGCAAATGAT	TAGGACTTTGAATGCATGGGTGAAAGTAATAGAAGAAAAGG	18.0
94	CAACAGCAAAGCAATTTGCTGAAGGCTATAGAGGCTCAACA	GTCTGGGGCATTAAACAGCTCCAGGCAAGAGTCCTGGCTCT	19.0
95	CAACAGCAAAGCAATTTGCTGAAGGCTATAGAGGCTCAACA	TATTGGCATTAGACAAATGGGCAAATTTGTGGAATTGGTTT	290.0
96	CAACAGCAAAGCAATTTGCTGAGGGCTATAGAGGCTCAACA	GGCATTAAACAGCTCCAGGCAAGAGTCCTGGCTGTGGAAAG	25.0
97	CAAGGAGAAGAGTGGTGGAGAGAGAAAAAAGAGCAGTTGGA	CAACAGCAAAGCAATTTGCTGAAGGCTATAGAGGCTCAACA	105.0
98	CAAGGAGAAGAGTGGTGGAGAGAGAAAAAAGAGCAGTTGGA	TTCTTAGGAGCAGCAGGAAGCACTATGGGCGCGGCGTCAAT	21.0
99	CAATGGACATACCAAATTTATCAAGAGCCATTTAAAAATCT	GCAAGAAAAAGGTCTGCTCACACTAATGATGTAAAACAATT	16.0
100	CAGAACCAGCAGGAAAAGAATGAACAAGACTTATTGGCATT	AATAGGATTAAGAATAGTTTTTGCTGTGCTTTCTATAATAA	87.0
101	CAGGAATATGGCAACTAGATTGCACACATCTAGAAGGAAAA	GTAGCCAGTGGCTATATAGAAGCAGAAGTCATCCCAGCAGA	21.0
102	CATCCAGCGGGCCTAAAAAAGAAAAAATCAGTAACAGTACT	TGCATTCACCATACCTAGTACAAACAATGAGACACCAGGAA	57.0
103	CATTCACAATTTTAAAAGAAAAGGGGGGATTGGGGGGTACA	GGAAAGAATAATAGACATAATAGCAACAGACATACAAACTA	7.0
104	CATTGACAGAAGAAAAAATAAAAGCATTAACAGAAATTTGT	AAAGACAGCACTAAATGGAGAAAATTAGTAGATTTCAGAGA	81.0
105	CATTGACAGAAGAAAAAATAAAAGCATTAACAGAAATTTGT	GAAAATCCATACAATACTCCAATATTTGCTATAAAGAAAAA	42.0
106	CATTTCAGAATTGGGTGCCAACATAGCAGAATAGGCATTAT	TAGGCATCTCCTATGGCAGGAAGAAGCGGAGACCCCGACGA	147.0
107	CATTTCAGAATTGGGTGCCAACATAGCAGAATAGGCATTAT	TATGGCAGGAAGAAGCGGAGACAGCGACGAGGACCTCCTCA	158.0
108	CCAATTCCTATACATTATTGTGCCCCAGCTGGTTTTGCGAT	AACAACAATACAAGAAAAAGTATACGCTTTGGACCAGGACA	223.0
109	CCAATTCCTATACATTATTGTGCCCCAGCTGGTTTTGCGAT	GATATGAGGGACAATTGGAGAAGTGAATTATATAAGTATAA	730.0
110	CCACCAGGCCAGATGAGAGAACCAAGGGGAAGTGACATAGC	CTTCAGGAACAAATAGGATGGATGACCAGCAACCCACCTAT	16.0
111	CCAGGAAAATGGAAACCAAGAATGATAGGGGGAATTGGAGG	GTATTAGTAGGACCTACACCTGTCAACATAATTGGAAGAAA	67.0
112	CCCAGATTGGTTGTACTTTAAATTTCCCAATTAGTCCTATT	CATTGACAGAAGAAAAAATAAAAGCATTAACAGAAATTTGT	58.0
113	CGACAGGCCCGGAAGAATCGAAGAAGAAGGTGGAGAGCAAG	GGACACAGCAGTCTCAAGGGGTTGAGACTGGGGTGGGAAGG	134.0
114	CGATTAGTGAGCGGATTCTTAGCACTTGCCTGGGACGACCT	CTGGGACACAGCAGTCTCAAGGGACTGAGACTGGGGTGGGA	73.0
115	CGGCGTCAATAACGCTGACGGTACAGGCCAGACAATTATTG	CAACAGCAAAGCAATTTGCTGAAGGCTATAGAGGCTCAACA	12.0
116	CTACGGAGCCTGTGCCTCTTCAGCTACCACCGCTTGAGAGA	ATCTCAGCCACTTTTTAAAAGAAAAGGGGGGACTGGATGGG	561.0
117	CTACGGAGCCTGTGCCTCTTCAGCTACCACCGCTTGAGAGA	GGACACAGCAGTCTCAAGGGGTTGAGACTGGGGTGGGAAGG	37.0
118	CTGAGGAAGCAGAATTAGAATTGGCAGAGAACAGGGAGATT	GCAAGAAAAAGGTCTGCTCACACTAATGATGTAAAACAATT	135.0
119	CTGGGACACAGCAGTCTCAAGGGACTGAGACTGGGGTGGGA	AGCAATAGCAGTAGCTGGCTGGACAGATAGGGTTATAGAAA	81.0
120	CTGGGACACAGCAGTCTCAAGGGACTGAGACTGGGGTGGGA	TTTTAAAAGAAAAGGGGGGACTGGATGGGTTAATTTACTCC	459.0
121	CTTATAGAAATTTGTGGAAAAAAGGCTATAGGTACAGTATT	CCCAGATTGGTTGTACTTTAAATTTCCCAATTAGTCCTATT	44.0
122	CTTCAGGAACAAATAGGATGGATGACCAGCAACCCACCTAT	AATAGTAAGAATGTATAGCCCTGTCAGCATTTTGGACATAA	48.0
123	CTTTGAGCCAATTCCTATACATTATTGTGCCCCAGCTGGTT	AACAACAATACAAGAAAAAGTATACGCTTTGGACCAGGACA	230.0
124	GAAAATCCATACAATACTCCAATATTTGCTATAAAGAAAAA	TCAGTAACAGTACTAGATGTGGGGGACGCATATTTTTCAGT	115.0
125	GAAACTTTCTATGTAGATGGGGCAGCTAATAGAGAGACTAA	ATTTTTAGATGGGATAGATAAGGCTCAAGAAGAACATGAAA	327.0
126	GAACAAGGGCTTAGGCATCTCCTATGGCAGGAAGAAGCGGA	AATATAAGAAATTGCTAAAGCAAAGAAAAATAGACAGGTTA	169.0
127	GAAGCTCTATTAGATACAGGAGCAGATGATACAGTATTAGA	ACAGTATTAGTAGGACCTACACCTGTCAACATAATTGGAAG	118.0
128	GAAGCTCTATTAGATACAGGAGCAGATGATACAGTATTAGA	CTTATAGAAATTTGTGGAAAAAAGGCTATAGGTACAGTATT	85.0
129	GAATTAGAATTGGCAGAGAACAGGGAGATTCTAAAAGAACC	GAGCCATTTAAAAATCTAAAAACAGGAAAATATGCAAGAAA	91.0
130	GAATTAGAATTGGCAGAGAACAGGGAGATTCTAAAAGAACC	GTATATTATGACCCATCAAAAGACTTAATAGCAGAAATACA	10.0
131	GACAAAGTCTACCTGTCATGGGTACCAGCACACAAAGGAAT	AGCAATTGGAGAGCAATGGCTAGTGATTTTAATCTGCCACC	103.0
132	GACCCCATAGTAGGAGCAGAGACTTTCTATGTAGATGGGGC	AGGTTGTTTCCCTAACTGAGACAACAAATCAAAAGACTGAA	59.0
133	GACTATTGGCAGGCTACCTGGATTCCTGAATGGGAGTTTGT	GACCCCATAGTAGGAGCAGAGACTTTCTATGTAGATGGGGC	43.0
134	GAGACACCAGGAATCAGGTATCAGTACAATGTGCTTCCACA	TCACCAGCAATATTCCAGAGTAGCATGACAAAAATCCTAGA	13.0
135	GAGCCATTTAAAAATCTAAAAACAGGAAAATATGCAAGAAA	TGGAAAGCATAGTAATATGGGGAAAGACTCCTAAATTTAAA	59.0
136	GAGGCTAGAAGGAGAGAGATGGGTGCGAGAGCGTCAGTATT	AGAAAATTCGGTTAAGGCCAGGGGGAAAGAAAAAATATAGA	26.0
137	GAGGTAAAAGACACCAAGGAAGCTCTAGATAAAATAGAGGA	CAAAATTACCCTATAGTGCAAAATGCACAAGGGCAAATGAT	70.0
138	GAGGTAAAAGACACCAAGGAAGCTCTAGATAAAATAGAGGA	CCACCAGGCCAGATGAGAGAACCAAGGGGAAGTGACATAGC	370.0
139	GAGTAGGAGCAGTATCTCAAGATTTAGATAAACATGGAGCA	TCAGCCACTTTTTAAAAGAAAAGGGGGGACTGGATGGGTTA	127.0
140	GAGTTTAACATGTGGAAAAATAACATGGTAGAGCAGATGCA	GTACGTATAGGACCAGGACAAACATTCTATGCAACAGGTGA	631.0
141	GATATGAGCTTCATCCTGACAAATGGACAGTCCAGCCTATA	AGAAATTAGTGGGAAAACTAAATTGGGCAAGTCAAATTTAT	40.0
142	GATATGAGCTTCATCCTGACAAATGGACAGTCCAGCCTATA	TAGGAAAGTTAAATTGGGCAAGTCAGATTTATGCAGGGATT	49.0
143	GATATGAGGGACAATTGGAGAAGTGAATTATATAAGTATAA	CAAGGAGAAGAGTGGTGGAGAGAGAAAAAAGAGCAGTTGGA	41.0
144	GCAAGAAAAAGGTCTGCTCACACTAATGATGTAAAACAATT	GACTATTGGCAGGCTACCTGGATTCCTGAATGGGAGTTTGT	106.0
145	GCAAGAAAAAGGTCTGCTCACACTAATGATGTAAAACAATT	TGGAAAGCATAGTAATATGGGGAAAGACTCCTAAATTTAAA	26.0
146	GCACTGAGAGACAGGCTAATTTTTTAGGGAAAATCTGGCCT	TTAGTAGGACCTACACCTGTCAACATAATTGGAAGAAATAT	371.0
147	GCACTGAGAGACAGGCTAATTTTTTAGGGAAAATCTGGCCT	TTCCCTCAAATCACTCTTTGGCAACGACCTCTTGTCACAGT	146.0
148	GCATGTCAGGGAGTGGGAGGACCCGGCCATAAAGCAAGGGT	AGAATTAAGTGTTTCAACTGTGGCAAGGAAGGACACCTAGC	73.0
149	GCATGTCAGGGAGTGGGAGGACCCGGCCATAAAGCAAGGGT	GGACACCTAGCCAGAAATTGCAGGGCCCCTAGGAAAAAGGG	109.0
150	GCTACCTGGATTCCTGAGTGGGAGTTTGTCAATACCCCTCC	ACTAAGCTAGGAAAAGCAGGGTATGTCACTGACAGAGGAAG	85.0
151	GCTACCTGGATTCCTGAGTGGGAGTTTGTCAATACCCCTCC	GAAACTTTCTATGTAGATGGGGCAGCTAATAGAGAGACTAA	49.0
152	GCTACTTCCCTGATTGGCAGAATTACACACCAGGGCCAGGG	TAACATTTGGATGGTGCTTCAAGCTAGTACCAGTTGATCCA	13.0
153	GCTGTTAGACATTTTCCTAGGCCATGGCTCCATGGATTAGG	ATGGGGATACTTGGGAAGGAGTTGAAGCTATAATAAGAATT	20.0
154	GCTGTTAGACATTTTCCTAGGCCATGGCTCCATGGATTAGG	CATTTCAGAATTGGGTGCCAACATAGCAGAATAGGCATTAT	82.0
155	GGAAAGAATAATAGACATAATAGCAACAGACATACAAACTA	AAAATTCAAAATTTTCGGGTTTATTACAGGGACAGCAGAGA	23.0
156	GGAAAGAATAATAGACATAATAGCAACAGACATACAAACTA	AAAGGACCAGCAAAACTACTCTGGAAAGGTGAAGGGGCAGT	74.0
157	GGAACCCACTGCTTAAGCCTCAATAAAGCTTGCCTTGAGTG	GTAAAAATCTCTAGCAGTGGCGCCCGAACAGGGACTTGAAA	71.0
158	GGACAATTGGAGAAGTGAATTATATAAGTATAAAGTAGTAA	ACTATGGGCGCGGCGTCAATAACGCTGACGGTACAGGCCAG	116.0
159	GGACACAGCAGTCTCAAGGGGTTGAGACTGGGGTGGGAAGG	AGCAATAGCAGTAGCTGGCTGGACAGATAGGGTTATAGAAA	78.0
160	GGACACAGCAGTCTCAAGGGGTTGAGACTGGGGTGGGAAGG	GAGTAGGAGCAGTATCTCAAGATTTAGATAAACATGGAGCA	288.0
161	GGACACCTAGCCAGAAATTGCAGGGCCCCTAGGAAAAAGGG	GCACTGAGAGACAGGCTAATTTTTTAGGGAAAATCTGGCCT	41.0
162	GGAGCAGAGACTTTCTATGTAGATGGGGCAGCCAATAGGGA	ATAGTAACAGACTCACAGTATGCATTAGGAATCATTCAGGC	136.0
163	GGAGTGGCTAACCCTCAGATGCTGCATATAAGCAGCTGCTT	GTAAAAATCTCTAGCAGTGGCGCCCGAACAGGGACTTGAAA	175.0
164	GGATAGATGGAACAAGCCCCAGAAGACCAGGGGCCACAGAG	GCTGTTAGACATTTTCCTAGGCCATGGCTCCATGGATTAGG	52.0
165	GGATTAGAACATGGAACAGTCTAGTAAAACATCATATGTAT	AGACTGGCACTTGGGTCATGGGGTCTCCATAGAATGGAGGC	140.0
166	GGATTAGAACATGGAACAGTCTAGTAAAACATCATATGTAT	TCCATAGAATGGAGGCTAAAAAGATATAGCACACAAATAGA	165.0
167	GGATTAGAACATGGAACAGTTTAGTAAAACATCATATGTAT	AATGGAGGCTAAAAAGATATAGCACACAAATAGATCCTGAC	172.0
168	GGATTAGAACATGGAACAGTTTAGTAAAACATCATATGTAT	ATAGTAAGAACATATTGGGGTCTGCACCCAGGAGAAAAAGA	102.0
169	GGCATTAAACAGCTCCAGGCAAGAGTCCTGGCTGTGGAAAG	AGCTCCTAGGAATTTGGGGCTGCTCTGGAAAACTCATCTGC	17.0
170	GGCATTAAACAGCTCCAGGCAAGAGTCCTGGCTGTGGAAAG	AGGAATTTGGGGCTGCTCTGGAAAACTCATCTGCACCACTA	24.0
171	GGCTATATAGAAGCAGAAGTTATCCCAGCAGAAACAGGACA	AAAGCAGCCTGTTGGTGGGCAAATATCCAACAGGAATTTGG	94.0
172	GGCTATATAGAAGCAGAAGTTATCCCAGCAGAAACAGGACA	TACAATCCCCAAAGTCAAGGAGTAGTGGAATCTATGAATAA	142.0
173	GGCTGTGGTATATAAAAATATTTATAATGATAGTAGGAGGC	CGACAGGCCCGGAAGAATCGAAGAAGAAGGTGGAGAGCAAG	107.0
174	GGGAAAATTTGGCCTTCCAGCAAGGGGAGGCCAGGAAATTT	CCAGGAAAATGGAAACCAAGAATGATAGGGGGAATTGGAGG	234.0
175	GGGAAAATTTGGCCTTCCAGCAAGGGGAGGCCAGGAAATTT	GAAGCTCTATTAGATACAGGAGCAGATGATACAGTATTAGA	180.0
176	GGGATGGAAAGGATCACCAGCAATATTCCAGAGTAGCATGA	TACATGGATGACTTGTATGTAGGATCTGATTTAGAAATAGG	53.0
177	GGGGGTACAGTGCAGGGGAAAGAATAATAGACATAATAGCA	AAAGGACCAGCAAAACTACTCTGGAAAGGTGAAGGGGCAGT	90.0
178	GTAAAAAATTGGATGACAGACACCTTGCTGGTCCAAAATGC	GCATGTCAGGGAGTGGGAGGACCCGGCCATAAAGCAAGGGT	67.0
179	GTAAAAATCTCTAGCAGTGGCGCCCGAACAGGGACTTGAAA	AGAAAATTCGGTTAAGGCCAGGGGGAAAGAAAAAATATAGA	199.0
180	GTAAAAATCTCTAGCAGTGGCGCCCGAACAGGGACTTGAAA	AGAGCGTCAGTATTAAGTGGGGGAAAATTAGATGCATGGGA	157.0
181	GTACGTATAGGACCAGGACAAACATTCTATGCAACAGGTGA	AATCAAACATTACAGGACTAATATTAACAAGAGATGGTGGG	353.0
182	GTACGTATAGGACCAGGACAAACATTCTATGCAACAGGTGA	ACAACACATAGTTTTAATTGTGGAGGAGAATTTTTCTATTG	148.0
183	GTAGCCAGTGGCTATATAGAAGCAGAAGTCATCCCAGCAGA	AAGTAATACATACAGACAATGGGCCCAATTTCACCAGTGCA	56.0
184	GTAGTAAGAACATATTGGGGTCTGCAGACAGGAGAAAAAGA	AATGGAGGCTAAAAAGATATAGCACACAAATAGATCCTGAC	29.0
185	GTATATTATGACCCATCAAAAGACTTAATAGCAGAAATACA	AGAACCATTTAAAAATCTAAAAACAGGGAAATATGCAAAAA	39.0
186	GTATATTATGACCCATCAAAAGACTTAATAGCAGAAATACA	CAATGGACATACCAAATTTATCAAGAGCCATTTAAAAATCT	16.0
187	GTATTAGTAGGACCTACACCTGTCAACATAATTGGAAGAAA	TAAAGCCAGGAATGGATGGGCCAAAGGTTAAACAATGGCCA	68.0
188	GTCTGGGGCATTAAACAGCTCCAGGCAAGAGTCCTGGCTCT	AGCTCCTAGGAATTTGGGGCTGCTCTGGAAAACTCATCTGC	23.0
189	GTCTGGGGCATTAAACAGCTCCAGGCAAGAGTCCTGGCTCT	AGGAATTTGGGGCTGCTCTGGAAAACTCATCTGCACCACTA	30.0
190	GTGGAATCTATGAATAAAGAATTAAAGAAAATCATAGGGCA	AGACATAATAGCAACAGATATACAAACTAAAGAATTACAAA	111.0
191	TAAAAGATACCATCAATGAGGAAGCTGCAGAATGGGACAGG	TTAAATAAAATAGTAAGAATGTATAGCCCTGTTAGCATTTT	165.0
192	TAAAGCCAGGAATGGATGGGCCAAAGGTTAAACAATGGCCA	ATATTTGCTATAAAGAAAAAAGACAGCACTAAATGGAGAAA	102.0
193	TAACATTTGGATGGTGCTTCAAGCTAGTACCAGTTGATCCA	AGTTGCTGACAGGGACTTTCCACGGGGACTTTCCGGGGAGG	192.0
194	TAATCCTGGGATTAAATAAAATAGTAAGAATGTATAGCCCT	TAGAAGAAATGATGACAGCATGCCAGGGAGTGGGAGGACCC	190.0
195	TACAATCCCCAAAGTCAAGGAGTAGTGGAATCTATGAATAA	GGAAAGAATAATAGACATAATAGCAACAGACATACAAACTA	123.0
196	TACATGGATGACTTGTATGTAGGATCTGATTTAGAAATAGG	GATATGAGCTTCATCCTGACAAATGGACAGTCCAGCCTATA	104.0
197	TACCCACTAACATTTGGATGGTGCTTCAAGCTAGTACCAGT	GGAGTGGCTAACCCTCAGATGCTGCATATAAGCAGCTGCTT	247.0
198	TAGAAGAAATGATGACAGCATGCCAGGGAGTGGGAGGACCC	AATTGCAGGGCCCCTAGGAAAAAGGGCTGTTGGAAATGTGG	138.0
199	TAGAAGAAATGATGACAGCATGCCAGGGAGTGGGAGGACCC	GCACTGAGAGACAGGCTAATTTTTTAGGGAAAATCTGGCCT	202.0
200	TAGAAGAAATGATGACAGCATGTCAGGGAGTGGGAGGACCC	AATTGCAGGGCCCCTAGGAAAAAGGGCTGTTGGAAATGTGG	135.0
201	TAGATGGAACAAGCCCCAGAAGACCAGGGGCCACAGAGGGA	ATGGGGATACTTGGGAAGGAGTTGAAGCTATAATAAGAATT	110.0
202	TAGATGGAACAAGCCCCAGAAGACCAGGGGCCACAGAGGGA	TAGGCATCTCCTATGGCAGGAAGAAGCGGAGACCCCGACGA	360.0
203	TAGGAAAGTTAAATTGGGCAAGTCAGATTTATGCAGGGATT	AAGCAGAATTAGAATTGGAAGAGAACAGGGAGATTCTAAAA	70.0
204	TAGGACCTACACCTGTCAACATAATTGGAAGAAATATGTTG	AATTTTCCAATTAGTCCTATTGAAACTGTACCAGTAAAATT	21.0
205	TAGGACTTTGAATGCATGGGTGAAAGTAATAGAAGAAAAGG	ATGTTCTCAGCATTATCAGAAGGAGCCACCCCACAAGATTT	23.0
206	TAGGACTTTGAATGCATGGGTGAAAGTAATAGAAGAAAAGG	TCTCAGCATTATCAGAAGGAGCCACCCCACAAGATTTAAAT	27.0
207	TAGGCATCTCCTATGGCAGGAAGAAGCGGAGACCCCGACGA	CCAATTCCTATACATTATTGTGCCCCAGCTGGTTTTGCGAT	854.0
208	TAGGCATCTCCTATGGCAGGAAGAAGCGGAGACCCCGACGA	CTTTGAGCCAATTCCTATACATTATTGTGCCCCAGCTGGTT	841.0
209	TATAAAGTAGTAAAAATTGAACCACTAGGAATAGCACCCAC	CGGCGTCAATAACGCTGACGGTACAGGCCAGACAATTATTG	98.0
210	TATGGCAGGAAGAAGCGGAGACAGCGACGAGGACCTCCTCA	AATATAAGAAATTGCTAAAGCAAAGAAAAATAGACAGGTTA	147.0
211	TATGGCAGGAAGAAGCGGAGACAGCGACGAGGACCTCCTCA	ATGCATACAGATATAATCAGTCTATGGGACCAAAGCCTAAA	531.0
212	TATGGGCAAGCAGGGAGCTGGAAAGATTTGCACTTAACCCT	AATACAGTAGCAACCCTCTATTGCGTACATCAACGGATAGA	93.0
213	TATGGGCAAGCAGGGAGCTGGAAAGATTTGCACTTAACCCT	GAGGTAAAAGACACCAAGGAAGCTCTAGATAAAATAGAGGA	132.0
214	TATTGGCATTAGACAAATGGGCAAATTTGTGGAATTGGTTT	AAAAATATTTATAATGATAGTAGGAGGCTTGATAGGATTAA	26.0
215	TCACCAGCAATATTCCAGAGTAGCATGACAAAAATCCTAGA	ATACATGGATGACTTGTATGTAGGATCTGATTTAGAAATAG	39.0
216	TCACCAGCAATATTCCAGAGTAGCATGACAAAAATCCTAGA	ATGGATGACTTGTATGTAGGATCTGATTTAGAAATAGGGCA	43.0
217	TCACCAGCGCTGCAGTTAAAGCAGCCTGTTGGTGGGCAAAT	GGGGGTACAGTGCAGGGGAAAGAATAATAGACATAATAGCA	172.0
218	TCAGCCACTTTTTAAAAGAAAAGGGGGGACTGGATGGGTTA	TGCATATAAGCAGCTGCTTTTCGCCTGTACTGGGTCTCTCT	412.0
219	TCAGTAACAGTACTAGATGTGGGGGACGCATATTTTTCAGT	GAGACACCAGGAATCAGGTATCAGTACAATGTGCTTCCACA	58.0
220	TCAGTAACAGTACTAGATGTGGGGGACGCATATTTTTCAGT	TGCTTCCACAGGGATGGAAAGGATCACCGGCAATATTCCAG	89.0
221	TCCATAGAATGGAGGCTAAAAAGATATAGCACACAAATAGA	AACTGTTTTTCAGACTCTGCCATAAGGAAAGCCATATTAGG	40.0
222	TCCCACTAACATTTGGATGGTGCTTCAAGCTAGTACCAGTT	AGTTGCTGACAGGGACTTTCCACGGGGACTTTCCGGGGAGG	198.0
223	TCTAGTAAAATTATGGTACCAGTTAGAGAAAGACCCCATAG	ACTAAGCTAGGAAAAGCAGGGTATGTCACTGACAGAGGAAG	44.0
224	TCTCAGCATTATCAGAAGGAGCCACCCCACAAGATTTAAAT	ATAGTGGGGGGACACCAGGCAGCTATGCAAATGTTAAAAGA	12.0
225	TCTCAGCATTATCAGAAGGAGCCACCCCACAAGATTTAAAT	ATGCAAATGTTAAAAGATACCATCAATGAGGAAGCTGCAGA	36.0
226	TCTGTATTATTTTGACTGTTTTTCAGAATCTGCCATAAGGA	AGGACAAAGCCACCTTTGCCTAGTGTTAGGAAATTAGTAGA	107.0
227	TGAGGATTAGAACATGGAACAGTTTAGTAAAACATCATATG	GTAGTAAGAACATATTGGGGTCTGCAGACAGGAGAAAAAGA	105.0
228	TGATATAAAAGTAGTACCAAGAAGAAAAGTAAAGATCATTA	GGATTAGAACATGGAACAGTCTAGTAAAACATCATATGTAT	55.0
229	TGCATATAAGCAGCTGCTTTTCGCCTGTACTGGGTCTCTCT	GGAACCCACTGCTTAAGCCTCAATAAAGCTTGCCTTGAGTG	41.0
230	TGCATTCACCATACCTAGTACAAACAATGAGACACCAGGAA	TGCTTCCACAGGGATGGAAAGGATCACCGGCAATATTCCAG	18.0
231	TGCTTCCACAGGGATGGAAAGGATCACCGGCAATATTCCAG	ACTTGTATGTAGGATCTGATTTAGAAATAGGGCAGCATAGA	73.0
232	TGGAAAGCATAGTAATATGGGGAAAGACTCCTAAATTTAAA	GGAGCAGAGACTTTCTATGTAGATGGGGCAGCCAATAGGGA	135.0
233	TGGAAAGCATAGTAATATGGGGAAAGACTCCTAAATTTAAA	TCTAGTAAAATTATGGTACCAGTTAGAGAAAGACCCCATAG	92.0
234	TGTCAGCTAAAAGGGGAAGCCATGCATGGACAAGTAGACTG	TCACCAGCGCTGCAGTTAAAGCAGCCTGTTGGTGGGCAAAT	194.0
235	TTAAAACTCTCAGAGCTGAGCAAGCTACACAGGAGGTAAAA	TAGAAGAAATGATGACAGCATGCCAGGGAGTGGGAGGACCC	85.0
236	TTAAATAAAATAGTAAGAATGTATAGCCCTGTTAGCATTTT	TAGAAGAAATGATGACAGCATGTCAGGGAGTGGGAGGACCC	179.0
237	TTAAATAAAATAGTAAGAATGTATAGCCCTGTTAGCATTTT	TTAAAACTCTCAGAGCTGAGCAAGCTACACAGGAGGTAAAA	53.0
238	TTAGTAGGACCTACACCTGTCAACATAATTGGAAGAAATAT	AATTTTCCAATTAGTCCTATTGAAACTGTACCAGTAAAATT	25.0
239	TTCATTTCAGAATTGGGTGCCAACATAGCAGAATAGGCATT	TATGGCAGGAAGAAGCGGAGACAGCGACGAGGACCTCCTCA	160.0
240	TTCCCTCAAATCACTCTTTGGCAACGACCTCTTGTCACAGT	GAAGCTCTATTAGATACAGGAGCAGATGATACAGTATTAGA	22.0
241	TTCCCTCAAATCACTCTTTGGCAACGACCTCTTGTCACAGT	TAGGACCTACACCTGTCAACATAATTGGAAGAAATATGTTG	191.0
242	TTCCCTGATTGGCAGAATTACACACCAGGGCCAGGGATCAG	TACCCACTAACATTTGGATGGTGCTTCAAGCTAGTACCAGT	1.0
243	TTCTTAGGAGCAGCAGGAAGCACTATGGGCGCGGCGTCAAT	AGCAAAGCAATTTGCTGAGGGCTATAGAGGCTCAACAACAT	47.0
244	TTTAAAAGAAAAGGGGGGACTGGATGGGTTAATTTACTCCA	TTCCCTGATTGGCAGAATTACACACCAGGGCCAGGGATCAG	50.0
245	TTTACTACACCAGACAAAAAGCATCAGAAAGAACCTCCATT	GATATGAGCTTCATCCTGACAAATGGACAGTCCAGCCTATA	11.0
246	TTTACTACACCAGACAAAAAGCATCAGAAAGAACCTCCATT	TAGGAAAGTTAAATTGGGCAAGTCAGATTTATGCAGGGATT	101.0
247	TTTTAAAAGAAAAGGGGGGACTGGATGGGTTAATTTACTCC	TCCCACTAACATTTGGATGGTGCTTCAAGCTAGTACCAGTT	94.0
