0	AAAATCATAGGGCAGGTAAGAGAGCAAGCTGAACACCTTAA	CAGTTTAGTAAAACATCATATGTATATCTCAAAGAAAGCTA	358.0
1	AAAATTGGGCCTGAAAATCCATACAATACTCCAGTATTTGC	GATGCATATTTTTCAGTTCCTTTAGATGAAAGCTTTAGAAA	151.0
2	AAAGACTTAGTAGCAGAAGTACAGAAACAAGGGCAGGACCA	AGAGCCATTTAAAAATCTAAAAACAGGAAAATATGCCAGAA	21.0
3	AAAGGGGAAGCCATGCATGGACAAGTAGACTGTAGTCCAGG	AAATTAGCAGGAAGATGGCCAGTGAAAGTAATACACACAGA	130.0
4	AAATAGAGTTAGGCAGGGATACTCACCTTTGTCTTTCCAGA	GGACTGAGACGGGGGTGGGAAGGTCTCAAATATCTGGGGAA	218.0
5	AAATCAATTGTACCAGACCCTCCAACAATACAAGAACAAGT	ATTTTAATTGTAGAGGGGAATTTTTCTATTGCAATACAACA	199.0
6	AAATCTCAAAAATTGGGCCTGAAAATCCATACAATACTCCA	GACTTTTGGGAAGTTCAATTAGGAATACCGCATCCAGCAGG	78.0
7	AAATGTCAACTAAAAGGGGAAGCTATGCATGGACAAGTAGA	CAGGGATATGGCAATTAGATTGCACACATCTAGAAGGAAAA	8.0
8	AAATTAGCAGGAAGATGGCCAGTGAAAGTAATACACACAGA	CAGGTCAGGGATCAAGCTGAACACCTTAAGACAGCAGTACA	142.0
9	AAATTAGCAGGAAGATGGCCAGTGAAAGTAATACACACAGA	CAGTATTCATTCACAATTTTAAAAGAAAAGGGGGGATTGGG	188.0
10	AACTACTAGTACCCTTCAAGAACAAATAGGATGGATGACAA	GGATTAAATAAAATAGTAAGAATGTATAGCCCTGTCAGCAT	50.0
11	AAGCAGAATTAGAATTGGCAGAGAACAGGGAGATTCTAAAA	TATCAAGAGCCATTTAAAAATCTAAAAACAGGAAAATATGC	90.0
12	AAGCCAGTGGTATCAACTCAATTGCTGTTAAATGGCAGTCT	AATAGTGCACCTTAATAAATCTGTAGAAATCAATTGTACCA	57.0
13	AAGCCAGTGGTATCAACTCAATTGCTGTTAAATGGCAGTCT	CTCCAACAATACAAGAACAAGTATAACTATAGGACCAGGAC	102.0
14	AAGCTACACAGGAGGTAAAAAACTGGATGACAGAAACCTTG	GGCAAAGAAGGACACCTAGCCAGAAATTGCAGGGCCCCTAG	216.0
15	AAGGAGACACAGATGAATTGGCCAAACTTGTGGAAATGGGG	GTGCATCAGATGCCAAAGCACATGAGACAGAAGTGCACAAT	107.0
16	AAGGTAGTTTCCCTAACTGAGACAACAAATCAAAAGACTGA	GAAGTAGTCAACCAAATAATAGAGGAGCTAATAAAAAAGGA	112.0
17	AATAGTGCACCTTAATAAATCTGTAGAAATCAATTGTACCA	CTCCAACAATACAAGAACAAGTATAACTATAGGACCAGGAC	4.0
18	AATATAGTAACAGACTCACAATATGCATTAGGAATCATTCA	TCAGAAGTAGTCAACCAAATAATAGAGGAGCTAATAAAAAA	22.0
19	AATATTCCAGAGTAGCATGACAAAAATCTTAGAGCCCTTTA	TAGAAATAGGGCAGCACAGAACAAAAATAGAGGAGCTAAGA	63.0
20	AATATTCCAGAGTAGCATGACAAAAATCTTAGAGCCCTTTA	TCTGATTTAGAAATAGGGCAGCACAGAACAAAAATAGAGGA	56.0
21	AATCCCCAAAGTCAAGGAGTAGTAGAATCTATGAATAAGGA	GGGATTGGGGGGTACAGTGCAGGGGAAAGAATAATAGACAT	97.0
22	AATGATATACAGAAATTAGTGGGAAAACTAAATTGGGCAAG	TGTGTAAACTCCTCAGGGGAGCCAAAGCACTAACAGATATA	32.0
23	AATTGGAGGTTTTATCAAAGTAAGACAATATGATCAGATAC	ACATAATTGGACGAAATATGTTGACTCAGATTGGTTGCACT	60.0
24	ACAAATAATAGAACAGTTACAGTCAACTCTCAAGACAGGAT	GGTAAAAGACACCAAGGAAGCTTTAGATAAAATAGAGGAAG	64.0
25	ACACAAATAGATCCTGACCTAGCAGACCAACTGATTCATCT	CTCTGCCATAAGGAAAGCCATATTAGGACAAGTAGTTAGAC	24.0
26	ACACAAATAGATCCTGACCTAGCAGACCAACTGATTCATCT	GCAGAATAGGCATTATTCGAGGGAGAAGAGGCAGGAATGGA	427.0
27	ACACAGCAAGAGGCGAGAGCGGCGACTGGTGAGTACGCCAA	TTAAGTGGGGGAAAATTAGATGCATGGGAAAAAATTCGGTT	52.0
28	ACACTAATGATGTAAGACAATTAACAGAAGTGGTGCAAAAA	AAGGTAGTTTCCCTAACTGAGACAACAAATCAAAAGACTGA	270.0
29	ACACTAATGATGTAAGACAATTAACAGAAGTGGTGCAAAAA	CCTGAATGGGAGTTTGTTAATACCCCTCCTCTAGTAAAATT	111.0
30	ACAGAAGAAAAAATAAAAGCATTAACAGAAATTTGTAAAGA	AAAATTGGGCCTGAAAATCCATACAATACTCCAGTATTTGC	25.0
31	ACAGAAGAAAAAATAAAAGCATTAACAGAAATTTGTAAAGA	AAATCTCAAAAATTGGGCCTGAAAATCCATACAATACTCCA	17.0
32	ACAGCTCCAGGCAAGAGTCCTGGCTCTGGAAAGATACCTAA	ATTTGGGGCTGCTCTGGAAAACTCATCTGCACCACTAATGT	20.0
33	ACAGGACAATAGTGATATAAAGGTAGTACCAAGAAGAAAAG	GGATTAGAACATGGAACAGTTTAGTAAAACATCATATGTAT	67.0
34	ACAGGACAATAGTGATATAAAGGTAGTACCAAGAAGAAAAG	GTAGACAGGATGAGGATTAGAACATGGAACAGTTTAGTAAA	54.0
35	ACATAATTGGACGAAATATGTTGACTCAGATTGGTTGCACT	CAATGGCCATTGACAGAAGAAAAAATAAAAGCATTAACAGA	75.0
36	ACATAATTGGACGAAATATGTTGACTCAGATTGGTTGCACT	TACAATACTCCAGTATTTGCCATAAAGAAAAAAGATAGTAC	174.0
37	ACATGGAGCAGTAACAAGTAGTAATATGAATAATGCTGATA	GATGGGCTAATTTACTCCAAGAAAAGACAAGAGATCCTTGA	140.0
38	ACATGGAGCAGTAACAAGTAGTAATATGAATAATGCTGATA	TTAGCTTCTTTTTAAAAGAAAAGGGGGGACTGGATGGGCTA	102.0
39	ACCAATGGACATATCAAATTTATCAAGAGCCATTTAAAAAT	ACCCCTAAATTTAGACTACCCATACAAAGAGAAACATGGGA	111.0
40	ACCCCTAAATTTAGACTACCCATACAAAGAGAAACATGGGA	GTCAATACCCCTCCTCTAGTAAAATTATGGTACCAGTTAGA	52.0
41	ACCTAGAGCCCTGGAATCATCCGGGAAGTCAGCCTACAACT	CAGTAAGGATCATCAAAATCCTATACCAAAGCAGTAAGTAA	122.0
42	ACTAAATTGGGCAAGTCAAATTTATGCAGGGATTAAGGTAA	TCAGGGGAGCTAAAGCACTAACAGACATAGTACCACTGACT	18.0
43	ACTCCAGCTGGTTATGCGATTTTAAAGTGTAATGATAAGAA	AAGCCAGTGGTATCAACTCAATTGCTGTTAAATGGCAGTCT	58.0
44	ACTCCAGCTGGTTATGCGATTTTAAAGTGTAATGATAAGAA	GTCAGCTCAGTACAATGCACACATGGAATTAAGCCAGTGGT	28.0
45	AGAGATGCAGATACCACCCTATTTTGTGCATCAGATGCCAA	GTCTAAAGCCATGTGTAAAGTTAACTCCTCTCTGCGTTACT	167.0
46	AGAGCCATTTAAAAATCTAAAAACAGGAAAATATGCCAGAA	ACACTAATGATGTAAGACAATTAACAGAAGTGGTGCAAAAA	12.0
47	AGAGCCATTTAAAAATCTAAAAACAGGAAAATATGCCAGAA	GAAACATGGTGGATGGAGTATTGGCAGGCTACCTGGATTCC	125.0
48	AGAGCGTCAGTATTAAGTGGGGGAAAATTAGATGCATGGGA	TGCTAAACATAGTGGGGGGACACCAGGCAGCAATGCAGATG	500.0
49	AGATATAGCACACAAATAGATCCTGACCTAGCAGACCAACT	GCAGGAATGGAGCTGGTAGATCCTAACCTAGAGCCCTGGAA	466.0
50	AGCAAAGCAATTTGCTGAGGGCTATAGAGGCGCAGCAGCAT	CAAAAGTTCCTAGGACTTTGGGGCTGCTCTGGAAAAATCAT	75.0
51	AGCCAGCATGGAATAGAGGACGAAGAAAGAGAAGTGCTGAT	GCCCTAGCACGAAAACACATAGCCCGAGAACTGCATCCAGA	16.0
52	AGGCAGCAATGCAAATGTTAAAAGAAACCATCAATGAGGAA	CCAGTACATGCAGGGCCTATTCCACCAGGCCAGATGAGGGA	24.0
53	AGGCAGCAATGCAAATGTTAAAAGAAACCATCAATGAGGAA	TACTAGTACCCTTCAAGAACAAATAGGATGGATGACAAACA	92.0
54	AGGTAAAAGACACCAAGGAAGCTTTAGATAAAATAGAGGAA	GCCAAAATTACCCTATAGTGCAAAATGCACAAGGGCAAATG	76.0
55	AGTGACATAGCAGGAACTACTAGTACCCTTCAAGAACAAAT	GGATTAAATAAAATAGTAAGAATGTATAGCCCTGTCAGCAT	64.0
56	ATAAATTTGCCAGGAAAATGGAAACCAAAAATGATAGGGGG	CTCAGATTGGTTGTACTTTAAATTTCCCAATTAGTCCTATT	125.0
57	ATAAGAGAAAGAGCAGAAGACAGTGGAAATGAGAGTGAAGG	GTGATAATTTGTAGTGCCTCAGACAACTTGTGGGTTACAGT	56.0
58	ATAATTAGTCTATGGGACCAAAGCCTAAAGCCATGTGTAAA	CTGAAAATATCACAAACAATGCCAAAACCATAATAGTACAG	452.0
59	ATACTCACCTTTGTCTTTCCAGACCCCTTCCCATCATCAGA	GGAATCGAAGAAGGAGGTGGCGAGCAAGGCAGAGACAGATC	20.0
60	ATAGCAGTAGCTAACTGGACAGATAGAGTTATAGAAATAGG	GCCACTTTTTAAAAGAAAAGGGGGGACTGGATGGGTTAATT	360.0
61	ATAGTAGCAAAAGAAATAGTGGCCAGCTGTGATAAATGTCA	AAAGGGGAAGCCATGCATGGACAAGTAGACTGTAGTCCAGG	4.0
62	ATAGTAGCAAAAGAAATAGTGGCCAGCTGTGATAAATGTCA	GGACAAGTAGACTGTAGTCCAGGGATATGGCAATTAGATTG	22.0
63	ATCCCAGCAGAAACAGGACAGGAGACAGCATACTTTCTGCT	CAGCGCTGCAGTTAAAGCAGCCTGTTGGTGGGCCAATGTCC	60.0
64	ATCCCAGCAGAAACAGGACAGGAGACAGCATACTTTCTGCT	GCAGGAAGATGGCCAGTAAAAGTAATACACACAGACAACGG	7.0
65	ATGCAAATCCAGACTGTAAGTCCATTTTAAAAGCATTAGGA	TTTCCTCAGAGCAGACCAGAGCCAACAGCCCCACCAGCAGA	321.0
66	ATGGGATATGAACTCCATCCTGACAAATGGACAGTCCAGCC	AATGATATACAGAAATTAGTGGGAAAACTAAATTGGGCAAG	34.0
67	ATGGGATATGAACTCCATCCTGACAAATGGACAGTCCAGCC	GATATACAGAAATTAGTGGGAAAACTAAATTGGGCAAGTCA	37.0
68	ATGTAACAGAAAATTTTAACATGTGGAAAAATAACATGGTA	GTCTAAAGCCATGTGTAAAGTTAACTCCTCTCTGCGTTACT	40.0
69	ATTATTGTCTGGTATAGTGCAACAGCAAAGCAATTTGCTGA	ACAGCTCCAGGCAAGAGTCCTGGCTCTGGAAAGATACCTAA	52.0
70	ATTCAAAATTTTCGGGTTTATTACAGGGACAGCAGAGACCC	ACAGGACAATAGTGATATAAAGGTAGTACCAAGAAGAAAAG	54.0
71	ATTTGGGGCTGCTCTGGAAAACTCATCTGCACCACTAATGT	CTGGGACGATCTGAGGAGCCTGTGCCTCTTCAGCTACCACC	444.0
72	ATTTTAATTGTAGAGGGGAATTTTTCTATTGCAATACAACA	GTATCAAATATTACAGGAATACTATTGACAAGAGATGGTGG	153.0
73	ATTTTGGACATAAGACAAGGGCCAAAAGAACCCTTCAGAGA	AAGCTACACAGGAGGTAAAAAACTGGATGACAGAAACCTTG	38.0
74	CAAAAGTTCCTAGGACTTTGGGGCTGCTCTGGAAAAATCAT	TGACATGGATAGAATGGGAGAGAGAAATTAGCAATTACACA	68.0
75	CAAAAGTTCCTAGGACTTTGGGGCTGCTCTGGAAAAATCAT	TGGCTGTGGTATATAAAAATATTTATAATGATAGTAGGAGG	223.0
76	CAAATGAAAGACTGCACTGAGAGACAGGCTAATTTTTTAGG	GCTCTATTAGATACAGGAGCAGATGATACAGTATTAGAAGA	228.0
77	CAAATTCAAAATTTTCGGGTTTATTACAGGGACAGCAGAGA	ACAGGACAATAGTGATATAAAGGTAGTACCAAGAAGAAAAG	57.0
78	CAAGTAGTTAGACGTAGGTGTGAATATCCATCAGGACATAA	CTACTGTTTGTTCATTTCAGAATTGGGTGTCAACATAGCAG	291.0
79	CAATGGCCATTGACAGAAGAAAAAATAAAAGCATTAACAGA	TACAATACTCCAGTATTTGCCATAAAGAAAAAAGATAGTAC	58.0
80	CAATGTCTGGGCCACACATGCCTGTGTACCCACAGACCCCA	GTAATCAGTTTATGGGATCAAAGTCTAAAGCCATGTGTAAA	83.0
81	CAGAAACAAGGGCAGGACCAATGGACATATCAAATTTATCA	ACACTAATGATGTAAGACAATTAACAGAAGTGGTGCAAAAA	53.0
82	CAGCGCTGCAGTTAAAGCAGCCTGTTGGTGGGCCAATGTCC	AAAATCATAGGGCAGGTAAGAGAGCAAGCTGAACACCTTAA	71.0
83	CAGCTCCAGGCAAGAGTCCTGGCTGTGGAAAGATACCTAAA	TGACATGGATAGAATGGGAGAGAGAAATTAGCAATTACACA	113.0
84	CAGGGATATGGCAATTAGATTGCACACATCTAGAAGGAAAA	ATCCCAGCAGAAACAGGACAGGAGACAGCATACTTTCTGCT	51.0
85	CAGGTCAGGGATCAAGCTGAACACCTTAAGACAGCAGTACA	TTTAAAAGAAAAGGGGGGATTGGGGGGTACAGTGCAGGGGA	22.0
86	CAGTAAGGATCATCAAAATCCTATACCAAAGCAGTAAGTAA	TATATGTAATGACACCTTTGGAAATTAGTGCAATAGTAGGA	4.0
87	CAGTATTCATTCACAATTTTAAAAGAAAAGGGGGGATTGGG	ATTCAAAATTTTCGGGTTTATTACAGGGACAGCAGAGACCC	81.0
88	CAGTTTAGTAAAACATCATATGTATATCTCAAAGAAAGCTA	TTTTATAGACATCATTATGAAAGCCAGCATCCAAAGGTAAG	8.0
89	CATAATGTCTGGGCTACACATGCCTGTGTACCCACAGACCC	GTAACAGAAAATTTTAACATGTGGAAAAATAACATGGTAGA	28.0
90	CATCAGCCTTTATCACCTAGAACTTTGAATGCATGGGTGAA	GGAGCCACCCCACAAGATTTAAATATGATGCTAAATATAGT	61.0
91	CATCTCCTATGGCAGGAAGAAGCGGAAGCACCGACGAGGAA	AAGGAGACACAGATGAATTGGCCAAACTTGTGGAAATGGGG	228.0
92	CATTTCAGAATTGGGTGTCAACATAGCAGAATAGGCATTAT	CCTAGAGCCCTGGAATCATCCGGGAAGTCAGCCTACAACTG	40.0
93	CCAAAATTACCCTATAGTGCAAAATGCACAAGGGCAAATGG	CATCAGCCTTTATCACCTAGAACTTTGAATGCATGGGTGAA	2.0
94	CCAAAATTACCCTATAGTGCAAAATGCACAAGGGCAAATGG	TTTGAATGCATGGGTGAAAGTAGTAGAAGAAAAGGGTTTTA	25.0
95	CCAATTCCTATACATTATTGTACTCCAGCTGGTTATGCGAT	AAGCCAGTGGTATCAACTCAATTGCTGTTAAATGGCAGTCT	79.0
96	CCAGTAACATTAAAGCCAGGAATGGATGGACCAAAGGTTAA	ACAGAAGAAAAAATAAAAGCATTAACAGAAATTTGTAAAGA	13.0
97	CCAGTAACATTAAAGCCAGGAATGGATGGACCAAAGGTTAA	GATGCATATTTTTCAGTTCCTTTAGATGAAAGCTTTAGAAA	271.0
98	CCAGTACATGCAGGGCCTATTCCACCAGGCCAGATGAGGGA	GAACTACTAGTACCCTTCAAGAACAAATAGGATGGATGACA	23.0
99	CCAGTGGGAGACATCTATAAAAGGTGGATAATCCTGGGATT	TCCATTTTAAAAGCATTAGGAACAGGAGCTACATTAGAAGA	184.0
100	CCCCTAAATTTAGACTACCCATACAAAAAGAAACATGGGAA	GTCAATACCCCTCCTCTAGTAAAATTATGGTACCAGTTAGA	51.0
101	CCTAGAGCCCTGGAATCATCCGGGAAGTCAGCCTACAACTG	CAGTAAGGATCATCAAAATCCTATACCAAAGCAGTAAGTAA	121.0
102	CCTAGAGCCCTGGAATCATCCGGGAAGTCAGCCTACAACTG	CATCTCCTATGGCAGGAAGAAGCGGAAGCACCGACGAGGAA	70.0
103	CCTGAATGGGAGTTTGTTAATACCCCTCCTCTAGTAAAATT	CTAGTAGGGAGACTAAGCTAGGAAAAGCAGGGTATGTCACT	62.0
104	CTACACATGCCTGTGTACCCACAGACCCCAACCCACAAGAA	ATAATTAGTCTATGGGACCAAAGCCTAAAGCCATGTGTAAA	72.0
105	CTACTGTTTGTTCATTTCAGAATTGGGTGTCAACATAGCAG	CCTAGAGCCCTGGAATCATCCGGGAAGTCAGCCTACAACTG	52.0
106	CTAGGAAAAGCAGGGTATGTCACTGACAGAGGAAGACAAAA	GAAGTAAATATAGTAACAGACTCACAGTATGCATTAGGAAT	79.0
107	CTAGTAGGGAGACTAAGCTAGGAAAAGCAGGGTATGTCACT	TCCCTAACTGAGACAACAAATCAAAAGACTGAGTTACATGC	24.0
108	CTCAGATTGGTTGTACTTTAAATTTCCCAATTAGTCCTATT	ACAGAAGAAAAAATAAAAGCATTAACAGAAATTTGTAAAGA	63.0
109	CTCCAACAATACAAGAACAAGTATAACTATAGGACCAGGAC	TAAGAAAAGCATATTGTGAGATTAATGGAACAAAATGGAAT	36.0
110	CTCTGCCATAAGGAAAGCCATATTAGGACAAGTAGTTAGAC	TCAGGACATAACAAGGTAGGATCCCTACAATATTTGGCACT	17.0
111	CTGAAAATATCACAAACAATGCCAAAACCATAATAGTACAG	GGAAGCACTATGGGCGCGGCGTCAATAACGCTGACGGTACA	705.0
112	CTGAAAATATCACAAACAATGCCAAAACCATAATAGTACAG	GTACAGGCCAGACAATTATTGTCTGGTATAGTGCAACAGCA	783.0
113	CTGGGACGATCTGAGGAGCCTGTGCCTCTTCAGCTACCACC	GGACACAGCAGTCTCAAGGGACTGAGACTGGGGTGGGAAGC	36.5
114	CTGTACTGGGTCTCTCTTGCTAGACCAGATTTGAGCCTGGG	CTGTTGTGTGACTCTGGTAACTAGAGATCCCTCAGACCACT	79.5
115	CTGTCATGGGTACCAGCACACAAAGGGATTGGAGGAAATGA	ATAGTAGCAAAAGAAATAGTGGCCAGCTGTGATAAATGTCA	133.0
116	CTGTCATGGGTACCAGCACACAAAGGGATTGGAGGAAATGA	TTAGTCAGTTCAGGAATCAGGAAGGTGCTATTTTTAGATGG	13.0
117	CTGTTGTGTGACTCTGGTAACTAGAGATCCCTCAGACCACT	AGAGCGTCAGTATTAAGTGGGGGAAAATTAGATGCATGGGA	200.0
118	CTGTTGTGTGACTCTGGTAACTAGAGATCCCTCAGACCACT	GCGGAGGCTAGAAGGAGAGAGATGGGTGCGAGAGCGTCAGT	171.0
119	CTTCAACTGTGGCAAAGAAGGACACCTAGCCAGAAATTGCA	TGAGAGACAGGCTAATTTTTTAGGGAAAATTTGGCCTTCCA	64.0
120	GAAAAAAGGCTATAGGTACAGTGTTAGTAGGACCTACACCT	CCAGTAACATTAAAGCCAGGAATGGATGGACCAAAGGTTAA	78.0
121	GAAACAGCAGAAGGATGTCAACAAATAATAGAACAGTTACA	AGGTAAAAGACACCAAGGAAGCTTTAGATAAAATAGAGGAA	83.0
122	GAAACATGGTGGATGGAGTATTGGCAGGCTACCTGGATTCC	TTATGGTACCAATTAGAAAAAGACCCCATAGTAGGAGCAGA	37.0
123	GAACAAGTAGATAAATTAGTCAGTTCAGGAATCAGGAAGGT	AAATGTCAACTAAAAGGGGAAGCTATGCATGGACAAGTAGA	127.0
124	GAACCTCCATTCCTTTGGATGGGATATGAACTCCATCCTGA	ACTAAATTGGGCAAGTCAAATTTATGCAGGGATTAAGGTAA	78.0
125	GAACTACTAGTACCCTTCAAGAACAAATAGGATGGATGACA	CCAGTGGGAGACATCTATAAAAGGTGGATAATCCTGGGATT	15.0
126	GAACTGCCAGAAAAAGACAGCTGGACTGTCAATGATATACA	GGAAAACTAAATTGGGCAAGTCAAATTTATGCAGGGATTAA	10.0
127	GAAGTAAATATAGTAACAGACTCACAGTATGCATTAGGAAT	ATAGTAGCAAAAGAAATAGTGGCCAGCTGTGATAAATGTCA	256.0
128	GAAGTAAATATAGTAACAGACTCACAGTATGCATTAGGAAT	CTGTCATGGGTACCAGCACACAAAGGGATTGGAGGAAATGA	82.0
129	GAAGTAGTCAACCAAATAATAGAGGAGCTAATAAAAAAGGA	CTGTCATGGGTACCAGCACACAAAGGGATTGGAGGAAATGA	10.0
130	GAAGTAGTCAACCAAATAATAGAGGAGCTAATAAAAAAGGA	TTAGTCAGTTCAGGAATCAGGAAGGTGCTATTTTTAGATGG	64.0
131	GACTTTTGGGAAGTTCAATTAGGAATACCGCATCCAGCAGG	GTACTAGATGTGGGAGATGCATATTTTTCAGTTCCTTTAGA	25.0
132	GAGGTAAAAAACTGGATGACAGAAACCTTGCTAGTCCAAAA	TCCATTTTAAAAGCATTAGGAACAGGAGCTACATTAGAAGA	19.0
133	GAGTAGGAGCAGTATCTCAAGATCTAGATAAACATGGAGCA	ACATGGAGCAGTAACAAGTAGTAATATGAATAATGCTGATA	38.0
134	GAGTAGGAGCAGTATCTCAAGATCTAGATAAACATGGAGCA	TCCAAGAAAAGACAAGAGATCCTTGACTTATGGGTCTATAA	174.0
135	GATAAATGGGCAAGTCTGTGGAATTGGTTTGACATAACAAA	AAATAGAGTTAGGCAGGGATACTCACCTTTGTCTTTCCAGA	84.0
136	GATAAATGTCAACTAAAAGGGGAAGCTATGCATGGACAAGT	GGACCAGCAAAACTACTCTGGAAAGGTGAAGGGGCAGTAGT	547.0
137	GATATACAGAAATTAGTGGGAAAACTAAATTGGGCAAGTCA	TGTGTAAACTCCTCAGGGGAGCCAAAGCACTAACAGATATA	29.0
138	GATGCATATTTTTCAGTTCCTTTAGATGAAAGCTTTAGAAA	AATATTCCAGAGTAGCATGACAAAAATCTTAGAGCCCTTTA	96.0
139	GATGCATATTTTTCAGTTCCTTTAGATGAAAGCTTTAGAAA	TGCTGCCACAGGGATGGAAAGGATCACCGGCAATATTCCAG	65.0
140	GATGGGCTAATTTACTCCAAGAAAAGACAAGAGATCCTTGA	AGCCAGCATGGAATAGAGGACGAAGAAAGAGAAGTGCTGAT	172.0
141	GATGTGGGGGATGCATATTTTTCAGTTCCCTTAGATGAAGA	TATATGGATGATTTATATGTAGGATCTGACTTAGAGATAGG	178.0
142	GCACCCACCAGGGCAAAGAGAAGAGTGGTGGAGAGAGAAAA	AGCAAAGCAATTTGCTGAGGGCTATAGAGGCGCAGCAGCAT	122.0
143	GCACCCACCAGGGCAAAGAGAAGAGTGGTGGAGAGAGAAAA	CAGCTCCAGGCAAGAGTCCTGGCTGTGGAAAGATACCTAAA	193.0
144	GCACTTGCCTGGGACGATCTACGGAGCCTGTGCCTCTTCAG	GGACACAGCAGTCTCAAGGGACTGAGACGGGGGTGGGAAGG	55.0
145	GCACTTGCCTGGGACGATCTACGGAGCCTGTGCCTCTTCAG	GGACTGAGACGGGGGTGGGAAGGTCTCAAATATCTGGGGAA	73.0
146	GCAGAATAGGCATTATTCGAGGGAGAAGAGGCAGGAATGGA	CATAATGTCTGGGCTACACATGCCTGTGTACCCACAGACCC	585.0
147	GCAGCGTCAATAACGCTGACGGTACAGGCCAGACAATTATT	CAAAAGTTCCTAGGACTTTGGGGCTGCTCTGGAAAAATCAT	133.0
148	GCAGGAAGATGGCCAGTAAAAGTAATACACACAGACAACGG	AATCCCCAAAGTCAAGGAGTAGTAGAATCTATGAATAAGGA	76.0
149	GCAGGAATGGAGCTGGTAGATCCTAACCTAGAGCCCTGGAA	CTACACATGCCTGTGTACCCACAGACCCCAACCCACAAGAA	571.0
150	GCCAAAATTACCCTATAGTGCAAAATGCACAAGGGCAAATG	TGCTAAACATAGTGGGGGGACACCAGGCAGCAATGCAGATG	133.0
151	GCCCGGGAGCTCTCTGGCTAGCAAGGGAACCCACTGCTTAA	ACACAGCAAGAGGCGAGAGCGGCGACTGGTGAGTACGCCAA	215.0
152	GCCCTAGCACGAAAACACATAGCCCGAGAACTGCATCCAGA	CAAAGAAGTTTCTAACTAGGACTTCCGCTGGGGACTTTCCA	19.0
153	GCGGAGGCTAGAAGGAGAGAGATGGGTGCGAGAGCGTCAGT	GAAACAGCAGAAGGATGTCAACAAATAATAGAACAGTTACA	133.0
154	GCTCTATTAGATACAGGAGCAGATGATACAGTATTAGAAGA	GAAAAAAGGCTATAGGTACAGTGTTAGTAGGACCTACACCT	98.0
155	GGAAAACTAAATTGGGCAAGTCAAATTTATGCAGGGATTAA	CAGAAACAAGGGCAGGACCAATGGACATATCAAATTTATCA	163.0
156	GGAAAATTAGATGCATGGGAAAAAATTCGGTTACGGCCAGG	TTACAGTCAACTCTCAAGACAGGATCAGAAGAACTTAAATC	118.0
157	GGAAAATTAGATGCATGGGAAAAAATTCGGTTACGGCCAGG	TTAGTATGGGCAAGCAGAGAGTTAGAAAGATTCGCACTTAA	28.0
158	GGAAGCACTATGGGCGCGGCGTCAATAACGCTGACGGTACA	ATTATTGTCTGGTATAGTGCAACAGCAAAGCAATTTGCTGA	9.0
159	GGAATCGAAGAAGGAGGTGGCGAGCAAGGCAGAGACAGATC	GCACTTGCCTGGGACGATCTACGGAGCCTGTGCCTCTTCAG	25.0
160	GGACAAGTAGACTGTAGTCCAGGGATATGGCAATTAGATTG	TATATAGAAGCAGAAGTTATCCCAGCAGAAACAGGACAGGA	52.0
161	GGACACAGCAGTCTCAAGGGACTGAGACGGGGGTGGGAAGG	GTAGCATAGTGGGATGGCCTCAGGTCAGGGAAAAAATAAAG	219.0
162	GGACACAGCAGTCTCAAGGGACTGAGACTGGGGTGGGAAGC	ATAGCAGTAGCTAACTGGACAGATAGAGTTATAGAAATAGG	82.0
163	GGACCAGCAAAACTACTCTGGAAAGGTGAAGGGGCAGTAGT	TGATTGTGTGGCAGGTAGACAGGATGAGGATTAGAACATGG	84.0
164	GGACTGAGACGGGGGTGGGAAGGTCTCAAATATCTGGGGAA	GTAGCATAGTGGGATGGCCTCAGGTCAGGGAAAAAATAAAG	201.0
165	GGACTGAGACGGGGGTGGGAAGGTCTCAAATATCTGGGGAA	GTCAAAAAGTAGCATAGTGGGATGGCCTCAGGTCAGGGAAA	193.0
166	GGAGCCACCCCACAAGATTTAAATATGATGCTAAATATAGT	TACTAGTACCCTTCAAGAACAAATAGGATGGATGACAAACA	144.0
167	GGAGTGGGAGGACCTAGCCATAAAGCAAGGGTTTTGGCTGA	GGCAAAGAAGGACACCTAGCCAGAAATTGCAGGGCCCCTAG	85.0
168	GGAGTGGGAGGACCTAGCCATAAAGCAAGGGTTTTGGCTGA	TGAGAGACAGGCTAATTTTTTAGGGAAAATTTGGCCTTCCA	180.0
169	GGATTAAATAAAATAGTAAGAATGTATAGCCCTGTCAGCAT	ATGCAAATCCAGACTGTAAGTCCATTTTAAAAGCATTAGGA	128.0
170	GGATTAAATAAAATAGTAAGAATGTATAGCCCTGTCAGCAT	GTAAAAAACTGGATGACAGAAACCTTGCTGGTCCAAAATGC	91.0
171	GGATTAGAACATGGAACAGTTTAGTAAAACATCATATGTAT	ACACAAATAGATCCTGACCTAGCAGACCAACTGATTCATCT	195.0
172	GGCAAAGAAGGACACCTAGCCAGAAATTGCAGGGCCCCTAG	CAAATGAAAGACTGCACTGAGAGACAGGCTAATTTTTTAGG	37.0
173	GGCAAAGAAGGACACCTAGCCAGAAATTGCAGGGCCCCTAG	TGAGAGACAGGCTAATTTTTTAGGGAAAATTTGGCCTTCCA	54.0
174	GGGAGGTCCAATTAGGAATACCTCATCCCGCGGGATTAAAA	GATGTGGGGGATGCATATTTTTCAGTTCCCTTAGATGAAGA	24.0
175	GGGATTGGGGGGTACAGTGCAGGGGAAAGAATAATAGACAT	TGGAAAGGTGAAGGGGCAGTAGTAATACAAGACAATAGTGA	118.0
176	GGTAAAAGACACCAAGGAAGCTTTAGATAAAATAGAGGAAG	CCAAAATTACCCTATAGTGCAAAATGCACAAGGGCAAATGG	67.0
177	GTAAAAAACTGGATGACAGAAACCTTGCTGGTCCAAAATGC	CTTCAACTGTGGCAAAGAAGGACACCTAGCCAGAAATTGCA	192.0
178	GTAACAGAAAATTTTAACATGTGGAAAAATAACATGGTAGA	ATAATTAGTCTATGGGACCAAAGCCTAAAGCCATGTGTAAA	16.0
179	GTAATCAGTTTATGGGATCAAAGTCTAAAGCCATGTGTAAA	ACTCCAGCTGGTTATGCGATTTTAAAGTGTAATGATAAGAA	307.0
180	GTACAGGCCAGACAATTATTGTCTGGTATAGTGCAACAGCA	ACAGCTCCAGGCAAGAGTCCTGGCTCTGGAAAGATACCTAA	66.0
181	GTACTAGATGTGGGAGATGCATATTTTTCAGTTCCTTTAGA	AATATTCCAGAGTAGCATGACAAAAATCTTAGAGCCCTTTA	111.0
182	GTAGACAGGATGAGGATTAGAACATGGAACAGTTTAGTAAA	AGATATAGCACACAAATAGATCCTGACCTAGCAGACCAACT	199.0
183	GTAGCATAGTGGGATGGCCTCAGGTCAGGGAAAAAATAAAG	GAGTAGGAGCAGTATCTCAAGATCTAGATAAACATGGAGCA	22.0
184	GTATCAAATATTACAGGAATACTATTGACAAGAGATGGTGG	GCACCCACCAGGGCAAAGAGAAGAGTGGTGGAGAGAGAAAA	112.0
185	GTATCAAATATTACAGGAATACTATTGACAAGAGATGGTGG	TAGGAATAGCACCCACCAGGGCAAAGAGAAGAGTGGTGGAG	101.0
186	GTCAAAAAGTAGCATAGTGGGATGGCCTCAGGTCAGGGAAA	ACATGGAGCAGTAACAAGTAGTAATATGAATAATGCTGATA	61.0
187	GTCAATACCCCTCCTCTAGTAAAATTATGGTACCAGTTAGA	CTAGGAAAAGCAGGGTATGTCACTGACAGAGGAAGACAAAA	64.0
188	GTCAATACCCCTCCTCTAGTAAAATTATGGTACCAGTTAGA	TAGGGAGACTAAGCTAGGAAAAGCAGGGTATGTCACTGACA	51.0
189	GTCAGCTCAGTACAATGCACACATGGAATTAAGCCAGTGGT	AAATCAATTGTACCAGACCCTCCAACAATACAAGAACAAGT	113.0
190	GTCTAAAGCCATGTGTAAAGTTAACTCCTCTCTGCGTTACT	ACTCCAGCTGGTTATGCGATTTTAAAGTGTAATGATAAGAA	282.0
191	GTCTAAAGCCATGTGTAAAGTTAACTCCTCTCTGCGTTACT	CCAATTCCTATACATTATTGTACTCCAGCTGGTTATGCGAT	270.0
192	GTGATAATTTGTAGTGCCTCAGACAACTTGTGGGTTACAGT	AGAGATGCAGATACCACCCTATTTTGTGCATCAGATGCCAA	22.0
193	GTGATAATTTGTAGTGCCTCAGACAACTTGTGGGTTACAGT	CAATGTCTGGGCCACACATGCCTGTGTACCCACAGACCCCA	84.0
194	GTGATTTTAATTTGCCACCTATAGTAGCAAAGGAAATAGTA	CAGGGATATGGCAATTAGATTGCACACATCTAGAAGGAAAA	61.0
195	GTGCATCAGATGCCAAAGCACATGAGACAGAAGTGCACAAT	ATGTAACAGAAAATTTTAACATGTGGAAAAATAACATGGTA	61.0
196	TAAGAAAAGCATATTGTGAGATTAATGGAACAAAATGGAAT	ATTTTAATTGTAGAGGGGAATTTTTCTATTGCAATACAACA	100.0
197	TAAGAAAAGCATATTGTGAGATTAATGGAACAAAATGGAAT	TGTATCAAATATTACAGGAATACTATTGACAAGAGATGGTG	275.0
198	TACAATACTCCAGTATTTGCCATAAAGAAAAAAGATAGTAC	GGGAGGTCCAATTAGGAATACCTCATCCCGCGGGATTAAAA	56.0
199	TACTAGTACCCTTCAAGAACAAATAGGATGGATGACAAACA	ATTTTGGACATAAGACAAGGGCCAAAAGAACCCTTCAGAGA	86.0
200	TACTAGTACCCTTCAAGAACAAATAGGATGGATGACAAACA	GAGGTAAAAAACTGGATGACAGAAACCTTGCTAGTCCAAAA	176.0
201	TAGAAATAGGGCAGCACAGAACAAAAATAGAGGAGCTAAGA	ACTAAATTGGGCAAGTCAAATTTATGCAGGGATTAAGGTAA	170.0
202	TAGAAATAGGGCAGCACAGAACAAAAATAGAGGAGCTAAGA	GAACTGCCAGAAAAAGACAGCTGGACTGTCAATGATATACA	114.0
203	TAGGAATAGCACCCACCAGGGCAAAGAGAAGAGTGGTGGAG	GCAGCGTCAATAACGCTGACGGTACAGGCCAGACAATTATT	72.0
204	TAGGGAGACTAAGCTAGGAAAAGCAGGGTATGTCACTGACA	TCCCTAACTGAGACAACAAATCAAAAGACTGAGTTACATGC	20.0
205	TATAGCACACAAATAGATCCTGACCTAGCAGACCAACTGAT	CAAGTAGTTAGACGTAGGTGTGAATATCCATCAGGACATAA	58.0
206	TATATAGAAGCAGAAGTTATCCCAGCAGAAACAGGACAGGA	AAATTAGCAGGAAGATGGCCAGTGAAAGTAATACACACAGA	19.0
207	TATATGGATGATTTATATGTAGGATCTGACTTAGAGATAGG	ATGGGATATGAACTCCATCCTGACAAATGGACAGTCCAGCC	100.0
208	TATATGTAATGACACCTTTGGAAATTAGTGCAATAGTAGGA	ATAAGAGAAAGAGCAGAAGACAGTGGAAATGAGAGTGAAGG	102.0
209	TATATGTAATGACACCTTTGGAAATTAGTGCAATAGTAGGA	GTGATAATTTGTAGTGCCTCAGACAACTTGTGGGTTACAGT	199.0
210	TATCAAGAGCCATTTAAAAATCTAAAAACAGGAAAATATGC	CCCCTAAATTTAGACTACCCATACAAAAAGAAACATGGGAA	92.0
211	TCAGAAGTAGTCAACCAAATAATAGAGGAGCTAATAAAAAA	GAACAAGTAGATAAATTAGTCAGTTCAGGAATCAGGAAGGT	52.0
212	TCAGGACATAACAAGGTAGGATCCCTACAATATTTGGCACT	CATTTCAGAATTGGGTGTCAACATAGCAGAATAGGCATTAT	273.0
213	TCAGGACATAACAAGGTAGGATCCCTACAATATTTGGCACT	TTCATTTCAGAATTGGGTGTCAACATAGCAGAATAGGCATT	274.0
214	TCAGGGGAGCTAAAGCACTAACAGACATAGTACCACTGACT	AAAGACTTAGTAGCAGAAGTACAGAAACAAGGGCAGGACCA	78.0
215	TCAGGGGAGCTAAAGCACTAACAGACATAGTACCACTGACT	AGAGCCATTTAAAAATCTAAAAACAGGAAAATATGCCAGAA	140.0
216	TCCAAGAAAAGACAAGAGATCCTTGACTTATGGGTCTATAA	GCCCTAGCACGAAAACACATAGCCCGAGAACTGCATCCAGA	214.0
217	TCCAAGAAAAGACAAGAGATCCTTGACTTATGGGTCTATAA	TGCTGATGTGGAAGTTTGACAGTGCCCTAGCACGAAAACAC	191.0
218	TCCATTTTAAAAGCATTAGGAACAGGAGCTACATTAGAAGA	GGAGTGGGAGGACCTAGCCATAAAGCAAGGGTTTTGGCTGA	19.0
219	TCCCTAACTGAGACAACAAATCAAAAGACTGAGTTACATGC	GAAGTAAATATAGTAACAGACTCACAGTATGCATTAGGAAT	31.0
220	TCCCTAACTGAGACAACAAATCAAAAGACTGAGTTACATGC	GAAGTAGTCAACCAAATAATAGAGGAGCTAATAAAAAAGGA	103.0
221	TCTGATTTAGAAATAGGGCAGCACAGAACAAAAATAGAGGA	GAACCTCCATTCCTTTGGATGGGATATGAACTCCATCCTGA	58.0
222	TGACATGGATAGAATGGGAGAGAGAAATTAGCAATTACACA	GATAAATGGGCAAGTCTGTGGAATTGGTTTGACATAACAAA	72.0
223	TGACATGGATAGAATGGGAGAGAGAAATTAGCAATTACACA	TGGCTGTGGTATATAAAAATATTTATAATGATAGTAGGAGG	114.0
224	TGAGAGACAGGCTAATTTTTTAGGGAAAATTTGGCCTTCCA	AATTGGAGGTTTTATCAAAGTAAGACAATATGATCAGATAC	288.0
225	TGAGAGACAGGCTAATTTTTTAGGGAAAATTTGGCCTTCCA	ATAAATTTGCCAGGAAAATGGAAACCAAAAATGATAGGGGG	247.0
226	TGAGAGACAGGCTAATTTTTTAGGGAAAATTTGGCCTTCCA	TTTCCTCAGAGCAGACCAGAGCCAACAGCCCCACCAGCAGA	20.0
227	TGATTGTGTGGCAGGTAGACAGGATGAGGATTAGAACATGG	CAGTTTAGTAAAACATCATATGTATATCTCAAAGAAAGCTA	2.0
228	TGCTAAACATAGTGGGGGGACACCAGGCAGCAATGCAGATG	AACTACTAGTACCCTTCAAGAACAAATAGGATGGATGACAA	113.0
229	TGCTAAACATAGTGGGGGGACACCAGGCAGCAATGCAGATG	AGTGACATAGCAGGAACTACTAGTACCCTTCAAGAACAAAT	99.0
230	TGCTGATGTGGAAGTTTGACAGTGCCCTAGCACGAAAACAC	GACTTTCCAGGGGAGGTGTGGCCGGGGCGGAGTTGGGGAGT	73.0
231	TGCTGCCACAGGGATGGAAAGGATCACCGGCAATATTCCAG	TAGAAATAGGGCAGCACAGAACAAAAATAGAGGAGCTAAGA	94.0
232	TGGAAACCAAAAATGATAGGGGGAATTGGAGGTTTTATCAA	CCAGTAACATTAAAGCCAGGAATGGATGGACCAAAGGTTAA	157.0
233	TGGAAAGGTGAAGGGGCAGTAGTAATACAAGACAATAGTGA	TGTGGCAGGTAGACAGGATGAGGATTAGAACATGGAACAGT	72.0
234	TGGCTGTGGTATATAAAAATATTTATAATGATAGTAGGAGG	ATACTCACCTTTGTCTTTCCAGACCCCTTCCCATCATCAGA	60.0
235	TGTATCAAATATTACAGGAATACTATTGACAAGAGATGGTG	GCACCCACCAGGGCAAAGAGAAGAGTGGTGGAGAGAGAAAA	107.0
236	TGTGGCAGGTAGACAGGATGAGGATTAGAACATGGAACAGT	ACACAAATAGATCCTGACCTAGCAGACCAACTGATTCATCT	216.0
237	TGTGTAAACTCCTCAGGGGAGCCAAAGCACTAACAGATATA	AAGCAGAATTAGAATTGGCAGAGAACAGGGAGATTCTAAAA	16.0
238	TGTGTAAACTCCTCAGGGGAGCCAAAGCACTAACAGATATA	ACCAATGGACATATCAAATTTATCAAGAGCCATTTAAAAAT	127.0
239	TTAAGTGGGGGAAAATTAGATGCATGGGAAAAAATTCGGTT	TTAGTATGGGCAAGCAGAGAGTTAGAAAGATTCGCACTTAA	37.0
240	TTACAGTCAACTCTCAAGACAGGATCAGAAGAACTTAAATC	GGTAAAAGACACCAAGGAAGCTTTAGATAAAATAGAGGAAG	48.0
241	TTACAGTCAACTCTCAAGACAGGATCAGAAGAACTTAAATC	TTTGAATGCATGGGTGAAAGTAGTAGAAGAAAAGGGTTTTA	222.0
242	TTAGCTTCTTTTTAAAAGAAAAGGGGGGACTGGATGGGCTA	TCCAAGAAAAGACAAGAGATCCTTGACTTATGGGTCTATAA	6.0
243	TTAGTATGGGCAAGCAGAGAGTTAGAAAGATTCGCACTTAA	ACAAATAATAGAACAGTTACAGTCAACTCTCAAGACAGGAT	33.0
244	TTAGTATGGGCAAGCAGAGAGTTAGAAAGATTCGCACTTAA	TTACAGTCAACTCTCAAGACAGGATCAGAAGAACTTAAATC	49.0
245	TTAGTCAGTTCAGGAATCAGGAAGGTGCTATTTTTAGATGG	GATAAATGTCAACTAAAAGGGGAAGCTATGCATGGACAAGT	109.0
246	TTAGTCAGTTCAGGAATCAGGAAGGTGCTATTTTTAGATGG	GTGATTTTAATTTGCCACCTATAGTAGCAAAGGAAATAGTA	59.0
247	TTATGGTACCAATTAGAAAAAGACCCCATAGTAGGAGCAGA	AATATAGTAACAGACTCACAATATGCATTAGGAATCATTCA	166.0
248	TTCATTTCAGAATTGGGTGTCAACATAGCAGAATAGGCATT	ACCTAGAGCCCTGGAATCATCCGGGAAGTCAGCCTACAACT	41.0
249	TTTAAAAGAAAAGGGGGGATTGGGGGGTACAGTGCAGGGGA	CAAATTCAAAATTTTCGGGTTTATTACAGGGACAGCAGAGA	61.0
250	TTTCCTCAGAGCAGACCAGAGCCAACAGCCCCACCAGCAGA	ACATAATTGGACGAAATATGTTGACTCAGATTGGTTGCACT	328.0
251	TTTCCTCAGAGCAGACCAGAGCCAACAGCCCCACCAGCAGA	TGGAAACCAAAAATGATAGGGGGAATTGGAGGTTTTATCAA	219.0
252	TTTGAATGCATGGGTGAAAGTAGTAGAAGAAAAGGGTTTTA	AGGCAGCAATGCAAATGTTAAAAGAAACCATCAATGAGGAA	90.0
253	TTTTATAGACATCATTATGAAAGCCAGCATCCAAAGGTAAG	TATAGCACACAAATAGATCCTGACCTAGCAGACCAACTGAT	124.0
254	TTTTATAGACATCATTATGAAAGCCAGCATCCAAAGGTAAG	TCAGGACATAACAAGGTAGGATCCCTACAATATTTGGCACT	253.0
