0	AAGAAAAGGGGGGATTGGGGGGTACAGTGCAGGGGAAAGAATAATAGACAT	AATTTGGAAAGGACCAGCAAAACTACTCTGGAAAGGTGAAGGGGCAGTAGT	90.0
1	AAGAAAAGGGGGGATTGGGGGGTACAGTGCAGGGGAAAGAATAATAGACAT	GAAAGGACCAGCAAAACTACTCTGGAAAGGTGAAGGGGCAGTAGTAATACA	96.0
2	AAGGATGTCAACAAATAATAGAACAGTTACAGTCAACTCTCAAGACAGGAT	CAAAGGATAGAGGTAAAAGACACCAAGGAAGCTTTAGATAAAATAGAGGAA	53.0
3	AAGGATGTCAACAAATAATAGAACAGTTACAGTCAACTCTCAAGACAGGAT	GACATAGCAGGAACTACTAGTACCCTTCAAGAACAAATAGGATGGATGACA	488.0
4	AATTTGGAAAGGACCAGCAAAACTACTCTGGAAAGGTGAAGGGGCAGTAGT	TGGCAGGTGATGATTGTGTGGCAGGTAGACAGGATGAGGATTAGAACATGG	74.0
5	ACCAAGGGGAAGTGACATAGCAGGAACTACTAGTACCCTTCAAGAACAAAT	TGATAGGGGGAATTGGAGGTTTTATCAAAGTAAGACAATATGATCAGATAC	853.0
6	ACCTACACCTGTCAACATAATTGGACGAAATATGTTGACTCAGATTGGTTG	ATCAGTAACAGTACTAGATGTGGGAGATGCATATTTTTCAGTTCCTTTAGA	324.0
7	ACCTACACCTGTCAACATAATTGGACGAAATATGTTGACTCAGATTGGTTG	CTGGACTGTCAATGATATACAGAAATTAGTGGGAAAACTAAATTGGGCAAG	765.0
8	ACCTACACCTGTCAACATAATTGGACGAAATATGTTGACTCAGATTGGTTG	GACTGTCAATGATATACAGAAATTAGTGGGAAAACTAAATTGGGCAAGTCA	768.0
9	AGAAACATGGGAAACATGGTGGATGGAGTATTGGCAGGCTACCTGGATTCC	CAGGAGTGAATCAGAAGTAGTCAACCAAATAATAGAGGAGCTAATAAAAAA	297.0
10	AGAGCGGAACAAGCTACACAGGAGGTAAAAAACTGGATGACAGAAACCTTG	GGAAGGACATCAAATGAAAGACTGCACTGAGAGACAGGCTAATTTTTTAGG	284.0
11	AGCGTCAGTATTAAGTGGGGGAAAATTAGATGCATGGGAAAAAATTCGGTT	AAGGATGTCAACAAATAATAGAACAGTTACAGTCAACTCTCAAGACAGGAT	101.0
12	AGGAGCTATGATCTTTGGGTTCTTAGGAGCAGCAGGAAGCACTATGGGCGC	ATAGTGCAACAGCAAAGCAATTTGCTGAGGGCTATAGAGGCGCAGCAGCAT	46.0
13	ATAGAAGCAGAAGTTATCCCAGCAGAAACAGGACAGGAGACAGCATACTTT	GAAAGGACCAGCAAAACTACTCTGGAAAGGTGAAGGGGCAGTAGTAATACA	404.0
14	ATAGAAGCAGAAGTTATCCCAGCAGAAACAGGACAGGAGACAGCATACTTT	GCAATTTCACCAGCGCTGCAGTTAAAGCAGCCTGTTGGTGGGCCAATGTCC	55.0
15	ATAGTGCAACAGCAAAGCAATTTGCTGAGGGCTATAGAGGCGCAGCAGCAT	GGGCATTAAACAGCTCCAGGCAAGAGTCCTGGCTGTGGAAAGATACCTAAA	20.0
16	ATATCAAATTTATCAAGAGCCATTTAAAAATCTAAAAACAGGAAAATATGC	AGAAACATGGGAAACATGGTGGATGGAGTATTGGCAGGCTACCTGGATTCC	120.0
17	ATATCAAATTTATCAAGAGCCATTTAAAAATCTAAAAACAGGAAAATATGC	ATAGAAGCAGAAGTTATCCCAGCAGAAACAGGACAGGAGACAGCATACTTT	865.0
18	ATATCAAATTTATCAAGAGCCATTTAAAAATCTAAAAACAGGAAAATATGC	ATGGTGGATGGAGTATTGGCAGGCTACCTGGATTCCTGAATGGGAGTTTGT	135.0
19	ATCAGTAACAGTACTAGATGTGGGAGATGCATATTTTTCAGTTCCTTTAGA	GCATCAGAAGGAACCTCCATTCCTTTGGATGGGATATGAACTCCATCCTGA	297.0
20	ATGGGGAAAGACCCCTAAATTTAGACTACCCATACAAAGAGAAACATGGGA	ATGGTGGATGGAGTATTGGCAGGCTACCTGGATTCCTGAATGGGAGTTTGT	3.0
21	ATGGTGGATGGAGTATTGGCAGGCTACCTGGATTCCTGAATGGGAGTTTGT	CAGGAGTGAATCAGAAGTAGTCAACCAAATAATAGAGGAGCTAATAAAAAA	282.0
22	ATGGTGGATGGAGTATTGGCAGGCTACCTGGATTCCTGAATGGGAGTTTGT	GTACAAATGGCAGTATTCATTCACAATTTTAAAAGAAAAGGGGGGATTGGG	955.0
23	ATGTAAAAATGTCAGCTCAGTACAATGCACACATGGAATTAAGCCAGTGGT	ATTGAACCACTAGGAATAGCACCCACCAGGGCAAAGAGAAGAGTGGTGGAG	671.0
24	ATTGAACCACTAGGAATAGCACCCACCAGGGCAAAGAGAAGAGTGGTGGAG	AGGAGCTATGATCTTTGGGTTCTTAGGAGCAGCAGGAAGCACTATGGGCGC	23.0
25	CAAAGGATAGAGGTAAAAGACACCAAGGAAGCTTTAGATAAAATAGAGGAA	CTCAGCATTATCAGAGGGAGCCACCCCACAAGATTTAAATATGATGCTAAA	200.0
26	CAGGAGTGAATCAGAAGTAGTCAACCAAATAATAGAGGAGCTAATAAAAAA	ATAGAAGCAGAAGTTATCCCAGCAGAAACAGGACAGGAGACAGCATACTTT	346.0
27	CAGGAGTGAATCAGAAGTAGTCAACCAAATAATAGAGGAGCTAATAAAAAA	GCAATTTCACCAGCGCTGCAGTTAAAGCAGCCTGTTGGTGGGCCAATGTCC	452.0
28	CTACTGTTTGTTCATTTCAGAATTGGGTGTCAACATAGCAGAATAGGCATT	GTAGATCCTAACCTAGAGCCCTGGAATCATCCGGGAAGTCAGCCTACAACT	31.0
29	CTCAGCATTATCAGAGGGAGCCACCCCACAAGATTTAAATATGATGCTAAA	ACCAAGGGGAAGTGACATAGCAGGAACTACTAGTACCCTTCAAGAACAAAT	123.0
30	CTCAGCATTATCAGAGGGAGCCACCCCACAAGATTTAAATATGATGCTAAA	GACATAGCAGGAACTACTAGTACCCTTCAAGAACAAATAGGATGGATGACA	136.0
31	CTGGACTGTCAATGATATACAGAAATTAGTGGGAAAACTAAATTGGGCAAG	ATATCAAATTTATCAAGAGCCATTTAAAAATCTAAAAACAGGAAAATATGC	210.0
32	GAAAGGACCAGCAAAACTACTCTGGAAAGGTGAAGGGGCAGTAGTAATACA	GTGATGATTGTGTGGCAGGTAGACAGGATGAGGATTAGAACATGGAACAGT	74.0
33	GAAAGGACCAGCAAAACTACTCTGGAAAGGTGAAGGGGCAGTAGTAATACA	TGTGTGGCAGGTAGACAGGATGAGGATTAGAACATGGAACAGTTTAGTAAA	82.0
34	GACATAGCAGGAACTACTAGTACCCTTCAAGAACAAATAGGATGGATGACA	AGAGCGGAACAAGCTACACAGGAGGTAAAAAACTGGATGACAGAAACCTTG	159.0
35	GACTGTCAATGATATACAGAAATTAGTGGGAAAACTAAATTGGGCAAGTCA	ATGGGGAAAGACCCCTAAATTTAGACTACCCATACAAAGAGAAACATGGGA	339.0
36	GACTGTCAATGATATACAGAAATTAGTGGGAAAACTAAATTGGGCAAGTCA	TGACCCATCAAAAGACTTAGTAGCAGAAGTACAGAAACAAGGGCAGGACCA	150.0
37	GATGGGTGCGAGAGCGTCAGTATTAAGTGGGGGAAAATTAGATGCATGGGA	TGATAGGGGGAATTGGAGGTTTTATCAAAGTAAGACAATATGATCAGATAC	1534.0
38	GCAATTTCACCAGCGCTGCAGTTAAAGCAGCCTGTTGGTGGGCCAATGTCC	TGGGATCCCCTACAATCCCCAAAGTCAAGGAGTAGTAGAATCTATGAATAA	10.0
39	GCATCAGAAGGAACCTCCATTCCTTTGGATGGGATATGAACTCCATCCTGA	GACTGTCAATGATATACAGAAATTAGTGGGAAAACTAAATTGGGCAAGTCA	45.0
40	GCATCAGAAGGAACCTCCATTCCTTTGGATGGGATATGAACTCCATCCTGA	TGACCCATCAAAAGACTTAGTAGCAGAAGTACAGAAACAAGGGCAGGACCA	246.0
41	GGAAGGACATCAAATGAAAGACTGCACTGAGAGACAGGCTAATTTTTTAGG	ACCTACACCTGTCAACATAATTGGACGAAATATGTTGACTCAGATTGGTTG	399.5
42	GGAAGGACATCAAATGAAAGACTGCACTGAGAGACAGGCTAATTTTTTAGG	TGATAGGGGGAATTGGAGGTTTTATCAAAGTAAGACAATATGATCAGATAC	301.0
43	GGGCATTAAACAGCTCCAGGCAAGAGTCCTGGCTGTGGAAAGATACCTAAA	TTTCTATAGTAAATAGAGTTAGGCAGGGATACTCACCTTTGTCTTTCCAGA	341.0
44	GTACAAATGGCAGTATTCATTCACAATTTTAAAAGAAAAGGGGGGATTGGG	GAAAGGACCAGCAAAACTACTCTGGAAAGGTGAAGGGGCAGTAGTAATACA	128.0
45	GTAGATCCTAACCTAGAGCCCTGGAATCATCCGGGAAGTCAGCCTACAACT	ATGTAAAAATGTCAGCTCAGTACAATGCACACATGGAATTAAGCCAGTGGT	1061.6666666666667
46	GTGATGATTGTGTGGCAGGTAGACAGGATGAGGATTAGAACATGGAACAGT	GTTTTTCAGACTCTGCCATAAGGAAAGCCATATTAGGACAAGTAGTTAGAC	271.0
47	GTTTTTCAGACTCTGCCATAAGGAAAGCCATATTAGGACAAGTAGTTAGAC	CTACTGTTTGTTCATTTCAGAATTGGGTGTCAACATAGCAGAATAGGCATT	320.5
48	GTTTTTCAGACTCTGCCATAAGGAAAGCCATATTAGGACAAGTAGTTAGAC	GTAGATCCTAACCTAGAGCCCTGGAATCATCCGGGAAGTCAGCCTACAACT	401.0
49	TGACCCATCAAAAGACTTAGTAGCAGAAGTACAGAAACAAGGGCAGGACCA	ATATCAAATTTATCAAGAGCCATTTAAAAATCTAAAAACAGGAAAATATGC	6.0
50	TGACCCATCAAAAGACTTAGTAGCAGAAGTACAGAAACAAGGGCAGGACCA	ATGGTGGATGGAGTATTGGCAGGCTACCTGGATTCCTGAATGGGAGTTTGT	192.0
51	TGATAGGGGGAATTGGAGGTTTTATCAAAGTAAGACAATATGATCAGATAC	ACCTACACCTGTCAACATAATTGGACGAAATATGTTGACTCAGATTGGTTG	46.0
52	TGATAGGGGGAATTGGAGGTTTTATCAAAGTAAGACAATATGATCAGATAC	ATCAGTAACAGTACTAGATGTGGGAGATGCATATTTTTCAGTTCCTTTAGA	421.0
53	TGGCAGGTGATGATTGTGTGGCAGGTAGACAGGATGAGGATTAGAACATGG	GTTTTTCAGACTCTGCCATAAGGAAAGCCATATTAGGACAAGTAGTTAGAC	277.0
54	TGGGATCCCCTACAATCCCCAAAGTCAAGGAGTAGTAGAATCTATGAATAA	AAGAAAAGGGGGGATTGGGGGGTACAGTGCAGGGGAAAGAATAATAGACAT	90.0
55	TGTGTGGCAGGTAGACAGGATGAGGATTAGAACATGGAACAGTTTAGTAAA	GTTTTTCAGACTCTGCCATAAGGAAAGCCATATTAGGACAAGTAGTTAGAC	263.0
56	TTTCTATAGTAAATAGAGTTAGGCAGGGATACTCACCTTTGTCTTTCCAGA	GGAACTTCTGGGACACAGCAGTCTCAAGGGACTGAGACGGGGGTGGGAAGG	190.0
