0	AAAGGAGGTTAGAGATGCTGGAAATGACCAG	AGAGAGATTAAGAGATTTAGATACAATAGAT	36.0
1	AAATACCCTCAATTGTCATTAAACTGGAGAT	CTTCCAAAGCTGCTAAAGCTTCTCCTGTAAG	5.0
2	AACCAGTGTACCTAGAAATTCTTCCAGAACG	TCCTCAAGAAGCTCGCCCCGGCAGCCCCCGT	87.0
3	AAGGCCCTGATTCTGAGAAGCAGTTGTCTGA	AAGTGCATGCCTCAAAACCTCATTACTACCT	146.0
4	AAGGGAAGGCCTTGAATATAAACTGTCCATC	TTCCTCCTTGTATTGTTACTGCTAATGATTA	200.0
5	AAGTGCATGCCTCAAAACCTCATTACTACCT	CACTAACAGTTTGGAGAATGAAGCCATAAGT	79.0
6	AATAGGAATGCATGAAATAATTCTCATAATT	AATTTATCTAAAAATCTGACAATATCAGGAT	137.0
7	AATTTATCTAAAAATCTGACAATATCAGGAT	CAGGTAATTGTTCTGACCCCTCATATATTCT	3.0
8	AATTTCAAGAAAAAGAAAAAGAGGCCAGCTG	CAAGCTTTGCTGCAGCCTTAATAGATTTGCT	288.0
9	ACCCAAGATTCTGGTACTTTTTCTCAATAAA	TTGGAATGTTACTGCTGCTGGGGCAACAGAG	158.0
10	ACTCCATTCTCATCTAAAAGGACAGTAGTTA	GATTTTTAGGTGTCATTTTTCTTCCCAATAC	159.0
11	AGAGAGATTAAGAGATTTAGATACAATAGAT	AAGGGAAGGCCTTGAATATAAACTGTCCATC	181.0
12	ATAAGATGCCTGAAATGTATAATAATTTATG	AAAGGAGGTTAGAGATGCTGGAAATGACCAG	314.0
13	ATAGCAAGATTTAGTTATACTTTACACTTTT	TTATTGAGGAAGAGGGCCCTGAGGAAACTGA	246.0
14	ATAGGCCCACCATTTGTAGTTTTTGGATACT	TCTGGTAATCTAAAACTAGGCCTTGCAAATC	3.0
15	ATTAACTACTGGGTAGGGGTTTTTCACCCAT	CCACTGGTTTTAAACAGAAACCCCACTATGT	54.0
16	CAAAGCATAGAGTATCTGCTATTAAGAATTT	AATTTCAAGAAAAAGAAAAAGAGGCCAGCTG	128.0
17	CAAGCTTTGCTGCAGCCTTAATAGATTTGCT	CCTTGAATATAAACTGTCCATCTGATAAACT	11.0
18	CACTAACAGTTTGGAGAATGAAGCCATAAGT	CTAATGAGAAATTTGAAAACTGTTCAGCTGT	26.0
19	CAGGTAATTGTTCTGACCCCTCATATATTCT	ATTAACTACTGGGTAGGGGTTTTTCACCCAT	84.0
20	CCACCAATTCAGGAAGAGAATCCAGCACACC	AACCAGTGTACCTAGAAATTCTTCCAGAACG	6.0
21	CCACCAATTCAGGAAGAGAATCCAGCACACC	GAACCAGTGTACCTAGAAATTCTTCCAGAAC	5.0
22	CCACCAATTCAGGAAGAGAATCCAGCACACC	GCCTCGTCATCTCAGTTTACAGATGAGGAAT	172.0
23	CCACTATGTCTGCACAGCTAATAAATAGGCC	ATAGGCCCACCATTTGTAGTTTTTGGATACT	256.0
24	CCACTGGTTTTAAACAGAAACCCCACTATGT	GGCCCTGATTTTTAGGTGTCATTTTTCTTCC	228.0
25	CCCAAGATTCTGGTACTTTTTCTCAATAAAG	AATAGGAATGCATGAAATAATTCTCATAATT	50.0
26	CCCAAGATTCTGGTACTTTTTCTCAATAAAG	CTCCCCCAATGGCAAACATATGGTAATTTAC	834.0
27	CCCAAGATTCTGGTACTTTTTCTCAATAAAG	GTTGGCCTGACACTTTTGGCATTAAGTTGCT	318.0
28	CCTCATTACTACCTACCCACGAAACATCCCT	AAATACCCTCAATTGTCATTAAACTGGAGAT	182.0
29	CCTTGAATATAAACTGTCCATCTGATAAACT	CCCAAGATTCTGGTACTTTTTCTCAATAAAG	554.0
30	CCTTGAATATAAACTGTCCATCTGATAAACT	TAAGAGATCATCTAGATGGTGCTGTAGCTGT	119.0
31	CGAGGAGGCCTCGTCATCTCAGTTTACAGAT	TCAGCAAGTTTTACAAGCACTCCACCAAAGC	102.0
32	CGGGAAGGCATACGAATATGGGCCCAATCCA	CCACCAATTCAGGAAGAGAATCCAGCACACC	214.0
33	CTAATGAGAAATTTGAAAACTGTTCAGCTGT	CTTCCAAAGCTGCTAAAGCTTCTCCTGTAAG	68.0
34	CTAGAGGTAGGAGATAAAGAATTAAAAATAT	CCTCATTACTACCTACCCACGAAACATCCCT	78.0
35	CTCCCCCAATGGCAAACATATGGTAATTTAC	CTTCCAAAGCTGCTAAAGCTTCTCCTGTAAG	1053.0
36	CTCCGAGGCCTCTGGAAAAAAAAGAGAGAGG	CTTAGTGAGGTAGCTCATTTGCTCCTCTGCT	89.0
37	CTGCAGTATAAAAACCACTCCTTAGTGAGGT	CCACCAATTCAGGAAGAGAATCCAGCACACC	1030.0
38	CTTAGTGAGGTAGCTCATTTGCTCCTCTGCT	TAGTCCTAAATAGGAAAGAAAGAGAGGCTCT	39.0
39	CTTCCAAAGCTGCTAAAGCTTCTCCTGTAAG	GCCTCCGGGCCTCCCTTGTTGAAAAAAAGTT	151.0
40	CTTCCAAAGCTGCTAAAGCTTCTCCTGTAAG	TGATGATGCCCCCCATCCTGAAAAATAAATA	71.0
41	GAACCAGTGTACCTAGAAATTCTTCCAGAAC	GCCTCGTCATCTCAGTTTACAGATGAGGAAT	136.0
42	GAGCCATTTTTCCACTGGTTTTAAACAGAAA	ACTCCATTCTCATCTAAAAGGACAGTAGTTA	55.0
43	GATTTTTAGGTGTCATTTTTCTTCCCAATAC	TAATAGGCCCACCATTTGTAGTTTTTGGATA	11.0
44	GCCTCGTCATCTCAGTTTACAGATGAGGAAT	CAAAGCATAGAGTATCTGCTATTAAGAATTT	348.0
45	GCCTCGTCATCTCAGTTTACAGATGAGGAAT	CCTTGAATATAAACTGTCCATCTGATAAACT	1013.0
46	GCCTCGTCATCTCAGTTTACAGATGAGGAAT	GCTCTACCTTCTGCACTATAAGCTTTTTAAT	382.0
47	GCTCTACCTTCTGCACTATAAGCTTTTTAAT	ATAAGATGCCTGAAATGTATAATAATTTATG	14.0
48	GGCATACGAATATGGGCCCAATCCACACGGG	CCACCAATTCAGGAAGAGAATCCAGCACACC	208.0
49	GGCCCTGATTTTTAGGTGTCATTTTTCTTCC	CTAGAGGTAGGAGATAAAGAATTAAAAATAT	818.0
50	GTGAGTTTATTAAATTAACTACTGGGTAGGG	TTTCTCAAAGTAACATTAAAATATCTAGGCA	16.0
51	GTGTTTTACAGGTGGATGATGCTTTTCTTTT	AAGGCCCTGATTCTGAGAAGCAGTTGTCTGA	139.0
52	GTTGGCCTGACACTTTTGGCATTAAGTTGCT	CCACTATGTCTGCACAGCTAATAAATAGGCC	125.0
53	TAAGAGAAAAAAAAGCCTCCGGGCCTCCCTT	TAAAAGTTCAATCATGTAACCACAACTTGGC	125.0
54	TAAGAGATCATCTAGATGGTGCTGTAGCTGT	ATAGCAAGATTTAGTTATACTTTACACTTTT	91.0
55	TAATAGGCCCACCATTTGTAGTTTTTGGATA	TAATGCTATCTTCTCCAGTAACCACAGATAA	398.0
56	TAATGCTATCTTCTCCAGTAACCACAGATAA	TTGGAACTGAGGCAACATTAGGGCAGCATCC	29.0
57	TAGTCCTAAATAGGAAAGAAAGAGAGGCTCT	TCAGAAGTGACTTCTCTATGTTTGATGAGGT	167.0
58	TATCAAAGAAAGGTTATTTATGACAGATTTT	GGCATACGAATATGGGCCCAATCCACACGGG	92.0
59	TCAGAAGTGACTTCTCTATGTTTGATGAGGT	TATCAAAGAAAGGTTATTTATGACAGATTTT	380.0
60	TCAGCAAGTTTTACAAGCACTCCACCAAAGC	TTGTTTATAACTTTATCAAAGCATAGAGTAT	206.0
61	TCCTCAAGAAGCTCGCCCCGGCAGCCCCCGT	CGAGGAGGCCTCGTCATCTCAGTTTACAGAT	10.0
62	TCTGGTAATCTAAAACTAGGCCTTGCAAATC	TGTCCCAATAATGAACATTAATTAAAGAACT	83.0
63	TGATGATGCCCCCCATCCTGAAAAATAAATA	TAAGAGAAAAAAAAGCCTCCGGGCCTCCCTT	60.0
64	TGCATATAGACAAGATGGATTTAGTCCTAAA	CCACCAATTCAGGAAGAGAATCCAGCACACC	961.0
65	TGTCCCAATAATGAACATTAATTAAAGAACT	CTTCCAAAGCTGCTAAAGCTTCTCCTGTAAG	978.0
66	TTAAAAACTGGAAGCAAATTTTACAGAGTGA	ACCCAAGATTCTGGTACTTTTTCTCAATAAA	106.0
67	TTATTGAGGAAGAGGGCCCTGAGGAAACTGA	CCCAAGATTCTGGTACTTTTTCTCAATAAAG	5.0
68	TTCCTCCTTGTATTGTTACTGCTAATGATTA	TTAAAAACTGGAAGCAAATTTTACAGAGTGA	194.0
69	TTGGAACTGAGGCAACATTAGGGCAGCATCC	GTGTTTTACAGGTGGATGATGCTTTTCTTTT	26.0
70	TTGGAATGTTACTGCTGCTGGGGCAACAGAG	GTGAGTTTATTAAATTAACTACTGGGTAGGG	166.0
71	TTGTTTATAACTTTATCAAAGCATAGAGTAT	CCTTGAATATAAACTGTCCATCTGATAAACT	696.0
72	TTTCTCAAAGTAACATTAAAATATCTAGGCA	GAGCCATTTTTCCACTGGTTTTAAACAGAAA	9.0
